Date,Price,Open,High,Low,Vol.,Change %,Company,Year,Month,Day,Spread
2024-06-20,186.1,182.91,186.51,182.72,44730000.0,1.8,0,2024,6,20,3.789999999999992
2024-06-20,176.3,175.37,177.29,174.99,20160000.0,0.69,1,2024,6,20,2.299999999999983
2024-06-20,501.7,502.0,503.67,496.77,11800000.0,0.44,2,2024,6,20,6.900000000000034
2024-06-20,445.7,446.3,446.53,441.27,19880000.0,-0.14,3,2024,6,20,5.259999999999991
2024-06-21,189.08,187.8,189.27,185.86,72930000.0,1.6,0,2024,6,21,3.4099999999999966
2024-06-21,179.63,177.0,180.85,176.61,58580000.0,1.89,1,2024,6,21,4.239999999999981
2024-06-21,494.78,503.45,503.45,492.39,23130000.0,-1.38,2,2024,6,21,11.060000000000002
2024-06-21,449.78,447.38,450.58,446.51,34490000.0,0.92,3,2024,6,21,4.069999999999993
2024-06-24,185.57,189.33,191.0,185.33,50610000.0,-1.86,0,2024,6,24,5.6699999999999875
2024-06-24,179.22,180.16,180.89,178.67,18300000.0,-0.23,1,2024,6,24,2.219999999999999
2024-06-24,498.91,499.2,507.8,494.29,13530000.0,0.83,2,2024,6,24,13.509999999999991
2024-06-24,447.67,449.8,452.75,446.41,15910000.0,-0.47,3,2024,6,24,6.339999999999975
2024-06-25,186.34,186.81,188.84,185.42,45900000.0,0.41,0,2024,6,25,3.420000000000016
2024-06-25,184.03,179.62,184.29,179.42,23240000.0,2.68,1,2024,6,25,4.8700000000000045
2024-06-25,510.6,497.05,510.71,495.5,12110000.0,2.34,2,2024,6,25,15.20999999999998
2024-06-25,450.95,448.25,451.42,446.75,16750000.0,0.73,3,2024,6,25,4.670000000000016
2024-06-26,193.61,186.92,194.8,186.26,65099999.99999999,3.9,0,2024,6,26,8.54000000000002
2024-06-26,183.88,182.63,184.51,182.48,19840000.0,-0.08,1,2024,6,26,2.030000000000001
2024-06-26,513.12,506.64,513.81,504.68,8880000.0,0.49,2,2024,6,26,9.129999999999939
2024-06-26,452.16,449.0,453.6,448.19,16510000.000000002,0.27,3,2024,6,26,5.410000000000025
2024-06-27,197.85,195.01,199.84,194.2,74400000.0,2.19,0,2024,6,27,5.640000000000015
2024-06-27,185.41,184.18,186.05,184.02,18850000.0,0.83,1,2024,6,27,2.030000000000001
2024-06-27,519.56,514.25,522.88,513.9,10120000.0,1.26,2,2024,6,27,8.980000000000018
2024-06-27,452.85,452.17,456.17,451.77,14810000.0,0.15,3,2024,6,27,4.400000000000034
2024-06-28,193.25,197.73,198.85,192.5,76930000.0,-2.32,0,2024,6,28,6.349999999999994
2024-06-28,182.15,184.32,185.13,181.96,29160000.0,-1.76,1,2024,6,28,3.1699999999999875
2024-06-28,504.22,517.15,521.88,503.84,15860000.0,-2.95,2,2024,6,28,18.04000000000002
2024-06-28,446.95,453.07,455.38,446.41,28360000.0,-1.3,3,2024,6,28,8.96999999999997
2024-07-01,197.2,193.49,198.3,192.82,41190000.0,2.04,0,2024,7,1,5.480000000000018
2024-07-01,182.99,183.03,183.88,181.3,16010000.000000002,0.46,1,2024,7,1,2.579999999999984
2024-07-01,504.68,504.95,506.58,493.17,10330000.0,0.09,2,2024,7,1,13.409999999999968
2024-07-01,456.73,448.66,457.37,445.66,17660000.0,2.19,3,2024,7,1,11.70999999999998
2024-07-02,200.0,197.28,200.43,195.93,45600000.0,1.42,0,2024,7,2,4.5
2024-07-02,185.24,182.05,185.57,181.56,17370000.0,1.23,1,2024,7,2,4.009999999999991
2024-07-02,509.5,500.76,510.5,499.45,7740000.0,0.96,2,2024,7,2,11.050000000000011
2024-07-02,459.28,453.2,459.59,453.11,13980000.0,0.56,3,2024,7,2,6.479999999999961
2024-07-03,197.59,199.94,200.03,196.76,31600000.0,-1.21,0,2024,7,3,3.2700000000000102
2024-07-03,185.82,184.85,186.09,184.0,10240000.0,0.31,1,2024,7,3,2.0900000000000034
2024-07-03,509.96,506.37,511.28,506.02,6010000.0,0.09,2,2024,7,3,5.259999999999991
2024-07-03,460.77,458.19,461.02,457.88,9930000.0,0.32,3,2024,7,3,3.1399999999999864
2024-07-05,200.0,198.65,200.55,198.17,39860000.0,1.22,0,2024,7,5,2.380000000000024
2024-07-05,190.6,185.85,190.86,185.8,20970000.0,2.57,1,2024,7,5,5.060000000000002
2024-07-05,539.91,511.6,540.87,511.6,21350000.0,5.87,2,2024,7,5,29.269999999999982
2024-07-05,467.56,459.61,468.35,458.96,16000000.0,1.47,3,2024,7,5,9.390000000000043
2024-07-08,199.29,200.04,201.2,197.96,34770000.0,-0.36,0,2024,7,8,3.2399999999999807
2024-07-08,189.03,189.9,190.17,187.78,21040000.0,-0.82,1,2024,7,8,2.3899999999999864
2024-07-08,529.32,542.35,542.81,526.65,14920000.0,-1.96,2,2024,7,8,16.159999999999968
2024-07-08,466.24,466.55,467.7,464.46,12960000.0,-0.28,3,2024,7,8,3.240000000000009
2024-07-09,199.34,199.4,200.57,199.04,32759999.999999996,0.03,0,2024,7,9,1.5300000000000011
2024-07-09,188.98,190.31,191.36,188.72,15140000.0,-0.03,1,2024,7,9,2.640000000000015
2024-07-09,530.0,533.75,537.48,528.19,8770000.0,0.13,2,2024,7,9,9.289999999999964
2024-07-09,459.54,467.0,467.33,458.0,17230000.0,-1.44,3,2024,7,9,9.329999999999984
2024-07-10,199.79,199.99,200.11,197.69,32880000.000000004,0.23,0,2024,7,10,2.420000000000016
2024-07-10,191.18,189.15,191.75,189.03,15950000.0,1.16,1,2024,7,10,2.719999999999999
2024-07-10,534.69,530.79,538.88,528.36,10980000.0,0.88,2,2024,7,10,10.519999999999982
2024-07-10,466.25,461.22,466.46,458.86,18200000.0,1.46,3,2024,7,10,7.599999999999966
2024-07-11,195.05,200.09,200.27,192.86,44570000.0,-2.37,0,2024,7,11,7.409999999999997
2024-07-11,185.57,189.85,190.86,185.08,25630000.0,-2.93,1,2024,7,11,5.780000000000001
2024-07-11,512.7,530.89,535.46,508.37,16460000.0,-4.11,2,2024,7,11,27.090000000000032
2024-07-11,454.7,462.98,464.78,451.55,23110000.0,-2.48,3,2024,7,11,13.229999999999961
2024-07-12,194.49,194.8,196.47,193.83,30600000.0,-0.29,0,2024,7,12,2.6399999999999864
2024-07-12,185.07,185.08,187.11,184.49,22900000.0,-0.27,1,2024,7,12,2.6200000000000045
2024-07-12,498.87,497.76,508.09,494.23,19750000.0,-2.7,2,2024,7,12,13.859999999999957
2024-07-12,453.55,454.33,456.36,450.64,16320000.0,-0.25,3,2024,7,12,5.720000000000027
2024-07-15,192.72,194.56,196.19,190.83,40680000.0,-0.91,0,2024,7,15,5.359999999999985
2024-07-15,186.53,184.92,188.24,184.92,16469999.999999998,0.79,1,2024,7,15,3.3200000000000216
2024-07-15,496.16,498.63,506.68,493.37,12540000.0,-0.54,2,2024,7,15,13.310000000000002
2024-07-15,453.96,453.3,457.26,451.43,14430000.0,0.09,3,2024,7,15,5.829999999999984
2024-07-16,193.02,195.59,196.62,192.24,33990000.0,0.16,0,2024,7,16,4.3799999999999955
2024-07-16,183.92,187.36,188.68,183.37,18290000.0,-1.4,1,2024,7,16,5.310000000000002
2024-07-16,489.79,501.5,503.95,485.79,14080000.0,-1.28,2,2024,7,16,18.159999999999968
2024-07-16,449.52,454.22,454.3,446.66,17180000.0,-0.98,3,2024,7,16,7.639999999999986
2024-07-17,187.93,191.35,191.58,185.99,48080000.0,-2.64,0,2024,7,17,5.590000000000003
2024-07-17,181.02,182.96,183.55,179.9,20730000.0,-1.58,1,2024,7,17,3.6500000000000057
2024-07-17,461.99,479.17,479.17,459.12,28080000.0,-5.68,2,2024,7,17,20.05000000000001
2024-07-17,443.52,442.59,444.85,439.18,21750000.0,-1.33,3,2024,7,17,5.670000000000016
2024-07-18,183.75,189.59,189.68,181.45,51040000.0,-2.22,0,2024,7,18,8.230000000000018
2024-07-18,177.69,181.93,182.5,176.47,25320000.0,-1.84,1,2024,7,18,6.030000000000001
2024-07-18,475.85,475.0,479.24,464.54,19270000.0,3.0,2,2024,7,18,14.699999999999989
2024-07-18,440.37,444.34,444.65,434.4,20790000.0,-0.71,3,2024,7,18,10.25
2024-07-19,183.13,181.14,184.93,180.11,43080000.0,-0.34,0,2024,7,19,4.819999999999993
2024-07-19,177.66,178.88,180.29,177.13,18880000.0,-0.02,1,2024,7,19,3.1599999999999966
2024-07-19,476.79,476.06,486.71,475.71,15150000.0,0.2,2,2024,7,19,11.0
2024-07-19,437.11,433.1,441.14,432.0,20940000.0,-0.74,3,2024,7,19,9.139999999999986
2024-07-22,182.55,185.0,185.06,182.48,39930000.0,-0.32,0,2024,7,22,2.5800000000000125
2024-07-22,181.67,180.59,182.7,180.23,24100000.0,2.26,1,2024,7,22,2.469999999999999
2024-07-22,487.4,486.58,492.06,483.9,12020000.0,2.23,2,2024,7,22,8.160000000000025
2024-07-22,442.94,441.79,444.6,438.91,15810000.0,1.33,3,2024,7,22,5.689999999999998
2024-07-23,186.41,184.1,189.39,183.56,47540000.0,2.11,0,2024,7,23,5.829999999999984
2024-07-23,181.79,182.05,183.61,181.54,36350000.0,0.07,1,2024,7,23,2.0700000000000216
2024-07-23,488.69,489.84,495.22,487.72,9460000.0,0.26,2,2024,7,23,7.5
2024-07-23,444.85,443.89,448.39,443.1,13110000.0,0.43,3,2024,7,23,5.289999999999964
2024-07-24,180.83,183.2,185.45,180.41,41530000.0,-2.99,0,2024,7,24,5.039999999999992
2024-07-24,172.63,173.6,176.19,171.82,49590000.0,-5.04,1,2024,7,24,4.3700000000000045
2024-07-24,461.27,472.3,476.3,460.58,17650000.0,-5.61,2,2024,7,24,15.720000000000027
2024-07-24,428.9,440.45,441.48,427.58,26810000.0,-3.59,3,2024,7,24,13.900000000000034
2024-07-25,179.85,182.91,183.9,176.8,44460000.0,-0.54,0,2024,7,25,7.099999999999994
2024-07-25,167.28,172.52,173.42,167.19,44850000.0,-3.1,1,2024,7,25,6.22999999999999
2024-07-25,453.41,463.26,463.55,442.65,18240000.0,-1.7,2,2024,7,25,20.900000000000034
2024-07-25,418.4,428.8,429.8,417.51,29940000.0,-2.45,3,2024,7,25,12.29000000000002
2024-07-26,182.5,180.39,183.19,180.24,29510000.0,1.47,0,2024,7,26,2.9499999999999886
2024-07-26,167.0,167.15,168.09,164.06,41340000.0,-0.17,1,2024,7,26,4.030000000000001
2024-07-26,465.7,464.2,469.77,459.42,14220000.0,2.71,2,2024,7,26,10.349999999999966
2024-07-26,425.27,418.2,428.92,417.27,23580000.0,1.64,3,2024,7,26,11.650000000000034
2024-07-29,183.2,183.84,184.75,182.38,33270000.000000004,0.38,0,2024,7,29,2.3700000000000045
2024-07-29,169.53,168.83,170.43,167.99,20290000.0,1.51,1,2024,7,29,2.4399999999999977
2024-07-29,465.71,469.88,473.96,465.02,11340000.0,0.0,2,2024,7,29,8.939999999999998
2024-07-29,426.73,431.58,432.15,424.7,15130000.0,0.34,3,2024,7,29,7.449999999999989
2024-07-30,181.71,184.72,185.86,179.38,39510000.0,-0.81,0,2024,7,30,6.480000000000018
2024-07-30,170.29,170.24,171.23,168.44,18960000.0,0.45,1,2024,7,30,2.789999999999992
2024-07-30,463.19,467.0,472.73,456.7,11390000.0,-0.54,2,2024,7,30,16.03000000000003
2024-07-30,422.92,427.72,429.05,417.36,32689999.999999996,-0.89,3,2024,7,30,11.689999999999998
2024-07-31,186.98,185.05,187.94,184.46,41670000.0,2.9,0,2024,7,31,3.4799999999999898
2024-07-31,171.54,173.24,174.24,170.01,25730000.0,0.73,1,2024,7,31,4.230000000000018
2024-07-31,474.83,471.02,476.5,466.75,24290000.0,2.51,2,2024,7,31,9.75
2024-07-31,418.35,420.49,421.77,412.21,42890000.0,-1.08,3,2024,7,31,9.560000000000002
2024-08-01,184.07,189.29,190.6,181.87,70440000.0,-1.56,0,2024,8,1,8.72999999999999
2024-08-01,170.76,170.25,174.05,168.88,24530000.0,-0.45,1,2024,8,1,5.170000000000016
2024-08-01,497.74,521.0,527.17,492.1,43080000.0,4.82,2,2024,8,1,35.069999999999936
2024-08-01,417.11,420.79,427.46,413.09,30300000.0,-0.3,3,2024,8,1,14.370000000000005
2024-08-02,167.9,166.75,168.77,160.55,141450000.0,-8.78,0,2024,8,2,8.219999999999999
2024-08-02,166.66,166.44,168.51,164.67,29130000.0,-2.4,1,2024,8,2,3.8400000000000034
2024-08-02,488.14,489.0,501.14,476.15,24040000.0,-1.93,2,2024,8,2,24.99000000000001
2024-08-02,408.49,412.49,415.0,404.34,29440000.0,-2.07,3,2024,8,2,10.660000000000025
2024-08-05,161.02,154.21,162.96,151.61,83150000.0,-4.1,0,2024,8,5,11.349999999999994
2024-08-05,159.25,155.5,164.43,154.93,53630000.0,-4.45,1,2024,8,5,9.5
2024-08-05,475.73,451.35,483.48,450.8,21400000.0,-2.54,2,2024,8,5,32.68000000000001
2024-08-05,395.15,389.17,401.04,385.58,40710000.0,-3.27,3,2024,8,5,15.460000000000036
2024-08-06,161.93,161.71,165.08,158.54,59950000.0,0.57,0,2024,8,6,6.5400000000000205
2024-08-06,158.29,159.33,160.57,156.41,49000000.0,-0.6,1,2024,8,6,4.159999999999997
2024-08-06,494.09,479.0,502.56,478.65,20950000.0,3.86,2,2024,8,6,23.910000000000025
2024-08-06,399.61,400.0,405.67,398.5,24950000.0,1.13,3,2024,8,6,7.170000000000016
2024-08-07,162.77,166.55,167.58,161.43,48410000.0,0.52,0,2024,8,7,6.150000000000006
2024-08-07,158.94,161.25,162.98,158.47,25140000.0,0.41,1,2024,8,7,4.509999999999991
2024-08-07,488.92,503.13,510.15,486.86,20110000.0,-1.05,2,2024,8,7,23.289999999999964
2024-08-07,398.43,408.64,410.08,397.47,20650000.0,-0.3,3,2024,8,7,12.609999999999957
2024-08-08,165.8,165.16,166.69,162.55,44620000.0,1.86,0,2024,8,8,4.139999999999986
2024-08-08,162.03,160.51,163.69,160.21,25580000.0,1.94,1,2024,8,8,3.4799999999999898
2024-08-08,509.63,497.5,509.96,494.72,16160000.0,4.24,2,2024,8,8,15.239999999999952
2024-08-08,402.69,402.44,405.86,399.94,20200000.0,1.07,3,2024,8,8,5.920000000000016
2024-08-09,166.94,166.4,168.55,165.85,36400000.0,0.69,0,2024,8,9,2.700000000000017
2024-08-09,163.67,160.01,163.79,159.06,28600000.0,1.01,1,2024,8,9,4.72999999999999
2024-08-09,517.77,507.71,518.34,505.7,13700000.0,1.6,2,2024,8,9,12.640000000000043
2024-08-09,406.02,404.03,408.05,402.26,19280000.0,0.83,3,2024,8,9,5.7900000000000205
2024-08-12,166.8,168.14,168.55,166.11,30070000.0,-0.08,0,2024,8,12,2.4399999999999977
2024-08-12,162.29,164.35,164.9,161.84,15900000.0,-0.84,1,2024,8,12,3.0600000000000023
2024-08-12,515.95,516.86,518.02,509.1,9770000.0,-0.35,2,2024,8,12,8.919999999999959
2024-08-12,406.81,407.06,408.76,404.24,16760000.000000002,0.19,3,2024,8,12,4.519999999999982
2024-08-13,170.23,167.81,171.04,167.1,39240000.0,2.06,0,2024,8,13,3.9399999999999977
2024-08-13,164.16,163.41,164.73,162.97,18550000.0,1.15,1,2024,8,13,1.759999999999991
2024-08-13,528.54,520.01,531.5,518.15,13740000.0,2.44,2,2024,8,13,13.350000000000023
2024-08-13,414.01,409.59,414.95,409.57,19410000.0,1.77,3,2024,8,13,5.3799999999999955
2024-08-14,170.1,172.11,172.28,168.86,28840000.0,-0.08,0,2024,8,14,3.4199999999999875
2024-08-14,160.37,162.4,163.22,157.71,40590000.0,-2.31,1,2024,8,14,5.509999999999991
2024-08-14,526.76,528.06,534.0,523.13,11440000.0,-0.34,2,2024,8,14,10.870000000000005
2024-08-14,416.86,414.8,417.72,412.45,18270000.0,0.69,3,2024,8,14,5.270000000000039
2024-08-15,177.59,174.86,177.91,173.99,51700000.0,4.4,0,2024,8,15,3.9199999999999875
2024-08-15,161.3,160.5,161.63,159.61,31520000.0,0.58,1,2024,8,15,2.019999999999982
2024-08-15,537.33,531.79,539.77,526.7,13480000.0,2.01,2,2024,8,15,13.069999999999936
2024-08-15,421.03,419.8,421.11,417.66,20750000.0,1.0,3,2024,8,15,3.4499999999999886
2024-08-16,177.06,177.04,178.34,176.26,31490000.0,-0.3,0,2024,8,16,2.0800000000000125
2024-08-16,162.96,161.47,165.06,161.13,24210000.0,1.03,1,2024,8,16,3.930000000000007
2024-08-16,527.42,531.9,533.66,524.66,14780000.0,-1.84,2,2024,8,16,9.0
2024-08-16,418.47,420.6,421.34,417.3,22780000.0,-0.61,3,2024,8,16,4.039999999999964
2024-08-19,178.22,177.64,178.3,176.16,31130000.0,0.66,0,2024,8,19,2.140000000000015
2024-08-19,166.67,165.28,166.69,164.26,22420000.0,2.28,1,2024,8,19,2.430000000000007
2024-08-19,529.28,526.87,531.66,522.76,9880000.0,0.35,2,2024,8,19,8.899999999999977
2024-08-19,421.53,418.96,421.75,416.46,15230000.0,0.73,3,2024,8,19,5.2900000000000205
2024-08-20,178.88,177.92,179.01,177.43,26260000.0,0.37,0,2024,8,20,1.579999999999984
2024-08-20,167.18,166.9,168.64,166.82,18340000.0,0.31,1,2024,8,20,1.8199999999999932
2024-08-20,526.73,528.35,531.09,525.88,7940000.0,-0.48,2,2024,8,20,5.210000000000036
2024-08-20,424.8,421.7,425.86,421.64,16390000.0,0.78,3,2024,8,20,4.220000000000027
2024-08-21,180.11,179.92,182.38,178.89,35600000.0,0.69,0,2024,8,21,3.490000000000009
2024-08-21,165.85,165.15,166.85,164.67,22900000.0,-0.8,1,2024,8,21,2.180000000000007
2024-08-21,535.16,527.15,539.4,526.93,13420000.0,1.6,2,2024,8,21,12.470000000000027
2024-08-21,424.14,424.08,426.4,421.72,16070000.0,-0.16,3,2024,8,21,4.67999999999995
2024-08-22,176.13,181.38,181.47,175.68,32049999.999999996,-2.21,0,2024,8,22,5.789999999999992
2024-08-22,163.8,167.26,167.59,163.31,22490000.0,-1.24,1,2024,8,22,4.280000000000001
2024-08-22,531.93,537.0,544.23,528.59,15710000.0,-0.6,2,2024,8,22,15.639999999999986
2024-08-22,415.55,424.36,426.79,414.61,19360000.0,-2.03,3,2024,8,22,12.180000000000007
2024-08-23,177.04,177.34,178.97,175.24,29150000.0,0.52,0,2024,8,23,3.7299999999999898
2024-08-23,165.62,164.72,166.18,163.83,13960000.0,1.11,1,2024,8,23,2.3499999999999943
2024-08-23,528.0,536.92,539.87,525.06,11320000.0,-0.74,2,2024,8,23,14.81000000000006
2024-08-23,416.79,416.98,419.26,412.09,18490000.0,0.3,3,2024,8,23,7.170000000000016
2024-08-26,175.5,176.7,177.47,174.3,22370000.0,-0.87,0,2024,8,26,3.1699999999999875
2024-08-26,166.16,166.38,167.55,164.46,14190000.0,0.33,1,2024,8,26,3.0900000000000034
2024-08-26,521.12,527.6,528.0,514.95,9580000.0,-1.3,2,2024,8,26,13.049999999999955
2024-08-26,413.49,416.36,417.28,411.34,13150000.0,-0.79,3,2024,8,26,5.939999999999998
2024-08-27,173.12,174.15,174.89,172.25,29840000.0,-1.36,0,2024,8,27,2.6399999999999864
2024-08-27,164.68,165.84,166.44,164.46,11820000.0,-0.89,1,2024,8,27,1.9799999999999898
2024-08-27,519.1,518.98,524.01,515.31,6280000.0,-0.39,2,2024,8,27,8.700000000000045
2024-08-27,413.84,412.86,414.36,410.25,13490000.0,0.08,3,2024,8,27,4.110000000000014
2024-08-28,170.8,173.69,173.69,168.92,29050000.0,-1.34,0,2024,8,28,4.77000000000001
2024-08-28,162.85,165.04,165.6,161.53,16410000.0,-1.11,1,2024,8,28,4.069999999999993
2024-08-28,516.78,517.67,521.09,512.45,9110000.0,-0.45,2,2024,8,28,8.639999999999986
2024-08-28,410.6,414.88,415.0,407.31,14880000.0,-0.78,3,2024,8,28,7.689999999999998
2024-08-29,172.12,173.22,174.29,170.81,26410000.0,0.77,0,2024,8,29,3.4799999999999898
2024-08-29,161.78,164.31,165.97,160.25,19700000.0,-0.66,1,2024,8,29,5.719999999999999
2024-08-29,518.22,519.05,527.2,515.68,8320000.0,0.28,2,2024,8,29,11.520000000000095
2024-08-29,413.12,414.94,422.05,410.6,17050000.0,0.61,3,2024,8,29,11.449999999999989
2024-08-30,178.5,172.78,178.9,172.6,43430000.0,3.71,0,2024,8,30,6.300000000000011
2024-08-30,163.38,162.62,163.66,161.69,22120000.0,0.99,1,2024,8,30,1.9699999999999989
2024-08-30,521.31,521.35,523.54,515.2,9160000.0,0.6,2,2024,8,30,8.339999999999918
2024-08-30,417.14,415.6,417.49,412.13,24310000.0,0.97,3,2024,8,30,5.360000000000014
2024-09-03,176.25,177.55,178.26,175.26,37820000.0,-1.26,0,2024,9,3,3.0
2024-09-03,157.36,161.72,161.85,156.48,38950000.0,-3.68,1,2024,9,3,5.3700000000000045
2024-09-03,511.76,519.64,525.49,508.62,12460000.0,-1.83,2,2024,9,3,16.870000000000005
2024-09-03,409.44,417.91,419.88,407.03,20310000.0,-1.85,3,2024,9,3,12.850000000000023
2024-09-04,173.33,174.48,175.98,172.54,30310000.0,-1.66,0,2024,9,4,3.4399999999999977
2024-09-04,156.45,156.65,159.0,155.96,19350000.0,-0.58,1,2024,9,4,3.039999999999992
2024-09-04,512.74,506.07,516.59,504.07,8340000.0,0.19,2,2024,9,4,12.520000000000039
2024-09-04,408.9,405.91,411.24,404.37,15140000.0,-0.13,3,2024,9,4,6.8700000000000045
2024-09-05,177.89,175.0,179.88,174.99,40170000.0,2.63,0,2024,9,5,4.889999999999986
2024-09-05,157.24,156.3,159.45,155.98,18690000.0,0.5,1,2024,9,5,3.469999999999999
2024-09-05,516.86,511.72,521.63,511.15,8640000.0,0.8,2,2024,9,5,10.480000000000018
2024-09-05,408.39,407.62,413.1,406.13,14200000.0,-0.12,3,2024,9,5,6.970000000000027
2024-09-06,171.39,177.24,178.38,171.16,41470000.0,-3.65,0,2024,9,6,7.219999999999999
2024-09-06,150.92,157.3,157.83,150.55,37910000.0,-4.02,1,2024,9,6,7.280000000000001
2024-09-06,500.27,521.88,524.58,498.25,14740000.0,-3.21,2,2024,9,6,26.33000000000004
2024-09-06,401.7,409.06,410.65,400.8,19610000.0,-1.64,3,2024,9,6,9.849999999999966
2024-09-09,175.4,174.53,175.85,173.51,29040000.0,2.34,0,2024,9,9,2.3400000000000034
2024-09-09,148.71,152.51,153.4,147.21,39260000.0,-1.46,1,2024,9,9,6.189999999999998
2024-09-09,504.79,506.16,511.33,502.08,11050000.0,0.9,2,2024,9,9,9.25
2024-09-09,405.72,407.24,408.65,402.15,15300000.0,1.0,3,2024,9,9,6.5
2024-09-10,179.55,177.49,180.5,176.79,36230000.0,2.37,0,2024,9,10,3.710000000000008
2024-09-10,148.66,150.45,151.27,148.34,31120000.0,-0.03,1,2024,9,10,2.930000000000007
2024-09-10,504.79,508.16,514.18,500.03,9900000.0,0.0,2,2024,9,10,14.149999999999977
2024-09-10,414.2,408.2,416.33,407.7,19590000.0,2.09,3,2024,9,10,8.629999999999995
2024-09-11,184.52,180.1,184.99,175.73,42560000.0,2.77,0,2024,9,11,9.26000000000002
2024-09-11,151.16,149.92,151.5,147.52,29610000.0,1.68,1,2024,9,11,3.9799999999999898
2024-09-11,511.83,507.01,513.12,495.6,10780000.0,1.39,2,2024,9,11,17.519999999999982
2024-09-11,423.04,415.5,423.99,409.58,19270000.0,2.13,3,2024,9,11,14.410000000000025
2024-09-12,187.0,184.8,187.41,183.54,33620000.0,1.34,0,2024,9,12,3.8700000000000045
2024-09-12,154.69,153.8,154.82,152.65,29700000.0,2.34,1,2024,9,12,2.1699999999999875
2024-09-12,525.6,517.05,526.71,515.22,11990000.0,2.69,2,2024,9,12,11.490000000000009
2024-09-12,427.0,423.31,427.37,419.75,17420000.0,0.94,3,2024,9,12,7.6200000000000045
2024-09-13,186.49,187.0,188.5,185.91,26500000.0,-0.27,0,2024,9,13,2.5900000000000034
2024-09-13,157.46,155.43,158.38,155.21,29590000.0,1.79,1,2024,9,13,3.1699999999999875
2024-09-13,524.62,520.34,527.58,517.11,10320000.0,-0.19,2,2024,9,13,10.470000000000027
2024-09-13,430.59,425.83,431.83,425.46,15870000.0,0.84,3,2024,9,13,6.3700000000000045
2024-09-16,184.89,185.29,185.81,183.36,26070000.0,-0.86,0,2024,9,16,2.4499999999999886
2024-09-16,158.06,157.31,158.25,156.6,18380000.0,0.38,1,2024,9,16,1.6500000000000057
2024-09-16,533.28,524.54,534.1,517.4,9530000.0,1.65,2,2024,9,16,16.700000000000045
2024-09-16,431.34,430.6,433.53,428.22,13830000.0,0.17,3,2024,9,16,5.309999999999945
2024-09-17,186.88,186.85,189.45,186.14,26090000.0,1.08,0,2024,9,17,3.3100000000000023
2024-09-17,159.32,159.02,160.55,158.38,20720000.0,0.8,1,2024,9,17,2.170000000000016
2024-09-17,536.32,537.6,542.1,530.57,11690000.0,0.57,2,2024,9,17,11.529999999999973
2024-09-17,435.15,440.23,441.85,432.27,18870000.0,0.88,3,2024,9,17,9.580000000000041
2024-09-18,186.43,186.45,188.8,185.06,34450000.0,-0.24,0,2024,9,18,3.740000000000009
2024-09-18,159.81,159.86,160.5,158.6,23680000.0,0.31,1,2024,9,18,1.9000000000000057
2024-09-18,537.95,537.07,544.2,533.9,10320000.0,0.3,2,2024,9,18,10.300000000000068
2024-09-18,430.81,435.0,436.03,430.41,18900000.0,-1.0,3,2024,9,18,5.619999999999948
2024-09-19,189.87,190.04,190.99,188.47,39540000.0,1.85,0,2024,9,19,2.5200000000000102
2024-09-19,162.14,163.71,163.79,161.34,26590000.0,1.46,1,2024,9,19,2.4499999999999886
2024-09-19,559.1,550.0,562.07,546.52,15650000.0,3.93,2,2024,9,19,15.550000000000068
2024-09-19,438.69,441.23,441.5,436.9,21710000.0,1.83,3,2024,9,19,4.600000000000023
2024-09-20,191.6,190.23,191.84,187.41,100380000.0,0.91,0,2024,9,20,4.430000000000007
2024-09-20,163.59,163.5,163.73,162.06,40900000.0,0.89,1,2024,9,20,1.6699999999999875
2024-09-20,561.35,560.0,564.5,556.3,22070000.0,0.4,2,2024,9,20,8.200000000000045
2024-09-20,435.27,437.22,439.24,434.22,55170000.0,-0.78,3,2024,9,20,5.019999999999982
2024-09-23,193.88,191.64,194.45,190.57,36990000.0,1.19,0,2024,9,23,3.8799999999999955
2024-09-23,161.85,164.35,165.49,161.67,24150000.0,-1.06,1,2024,9,23,3.8200000000000216
2024-09-23,564.41,569.5,573.98,562.41,12830000.0,0.55,2,2024,9,23,11.57000000000005
2024-09-23,433.51,434.28,436.46,430.39,15130000.0,-0.4,3,2024,9,23,6.069999999999993
2024-09-24,193.96,194.27,195.37,190.13,43480000.0,0.04,0,2024,9,24,5.240000000000009
2024-09-24,162.29,163.03,163.22,160.69,23330000.0,0.27,1,2024,9,24,2.530000000000001
2024-09-24,563.33,566.68,567.74,554.19,12990000.0,-0.19,2,2024,9,24,13.549999999999955
2024-09-24,429.17,433.0,433.35,426.1,17020000.0,-1.0,3,2024,9,24,7.25
2024-09-25,192.53,193.75,193.95,192.16,26390000.0,-0.74,0,2024,9,25,1.789999999999992
2024-09-25,161.49,161.47,162.81,161.3,18870000.0,-0.49,1,2024,9,25,1.509999999999991
2024-09-25,568.31,564.05,576.88,563.72,16540000.0,0.88,2,2024,9,25,13.159999999999968
2024-09-25,432.11,429.83,433.12,428.57,13400000.0,0.69,3,2024,9,25,4.550000000000011
2024-09-26,191.16,194.31,194.53,189.54,36330000.0,-0.71,0,2024,9,26,4.990000000000009
2024-09-26,162.73,163.64,164.08,162.28,20320000.0,0.77,1,2024,9,26,1.8000000000000114
2024-09-26,567.84,575.73,577.4,562.35,14400000.0,-0.08,2,2024,9,26,15.049999999999955
2024-09-26,431.31,435.08,435.3,429.13,14490000.0,-0.19,3,2024,9,26,6.170000000000016
2024-09-27,187.97,190.68,190.9,187.34,36000000.0,-1.67,0,2024,9,27,3.5600000000000023
2024-09-27,163.95,162.81,165.7,162.63,21100000.0,0.75,1,2024,9,27,3.069999999999993
2024-09-27,567.36,570.1,570.84,564.51,9400000.0,-0.08,2,2024,9,27,6.330000000000041
2024-09-27,428.02,431.52,431.85,427.47,14900000.0,-0.76,3,2024,9,27,4.3799999999999955
2024-09-30,186.33,187.14,188.49,184.65,41680000.0,-0.87,0,2024,9,30,3.8400000000000034
2024-09-30,165.85,163.32,166.15,163.26,20480000.0,1.16,1,2024,9,30,2.890000000000015
2024-09-30,572.44,567.7,574.68,564.8,12810000.0,0.9,2,2024,9,30,9.879999999999995
2024-09-30,430.3,428.21,430.42,425.37,16850000.0,0.53,3,2024,9,30,5.050000000000011
2024-10-01,185.13,184.9,186.19,183.45,36040000.0,-0.64,0,2024,10,1,2.740000000000009
2024-10-01,166.99,167.68,169.16,164.58,28340000.0,0.69,1,2024,10,1,4.579999999999984
2024-10-01,576.47,577.98,583.04,570.1,15260000.0,0.7,2,2024,10,1,12.93999999999994
2024-10-01,420.69,428.45,428.48,418.81,19090000.0,-2.23,3,2024,10,1,9.670000000000016
2024-10-02,184.76,184.44,186.6,184.04,23700000.0,-0.2,0,2024,10,2,2.5600000000000023
2024-10-02,165.86,166.42,167.52,164.73,17760000.0,-0.68,1,2024,10,2,2.7900000000000205
2024-10-02,572.81,574.86,576.0,569.34,6520000.0,-0.63,2,2024,10,2,6.659999999999968
2024-10-02,417.13,422.58,422.82,416.71,16579999.999999998,-0.85,3,2024,10,2,6.110000000000014
2024-10-03,181.96,183.04,183.44,180.88,30200000.0,-1.52,0,2024,10,3,2.5600000000000023
2024-10-03,165.86,164.41,166.64,163.92,15070000.0,0.0,1,2024,10,3,2.719999999999999
2024-10-03,582.77,570.15,583.36,568.73,11580000.0,1.74,2,2024,10,3,14.629999999999995
2024-10-03,416.54,417.63,419.55,414.29,13690000.0,-0.14,3,2024,10,3,5.259999999999991
2024-10-04,186.51,185.75,187.6,183.6,41080000.0,2.5,0,2024,10,4,4.0
2024-10-04,167.06,168.06,168.23,165.48,19090000.0,0.72,1,2024,10,4,2.75
2024-10-04,595.94,583.73,596.85,581.43,14200000.0,2.26,2,2024,10,4,15.420000000000073
2024-10-04,416.06,418.24,419.75,414.97,19190000.0,-0.12,3,2024,10,4,4.779999999999973
2024-10-07,180.8,182.95,183.6,180.25,42360000.0,-3.06,0,2024,10,7,3.3499999999999943
2024-10-07,162.98,167.72,168.48,162.75,22460000.0,-2.44,1,2024,10,7,5.72999999999999
2024-10-07,584.78,598.22,602.95,584.04,12010000.0,-1.87,2,2024,10,7,18.910000000000082
2024-10-07,409.54,416.0,417.11,409.0,20920000.0,-1.57,3,2024,10,7,8.110000000000014
2024-10-08,182.72,181.91,183.09,180.92,26370000.0,1.06,0,2024,10,8,2.170000000000016
2024-10-08,164.38,163.94,164.73,162.87,23070000.0,0.86,1,2024,10,8,1.8599999999999852
2024-10-08,592.89,589.69,593.56,585.97,7860000.0,1.39,2,2024,10,8,7.589999999999918
2024-10-08,414.71,410.9,415.66,408.17,19230000.0,1.26,3,2024,10,8,7.490000000000009
2024-10-09,185.17,182.82,185.85,182.05,26340000.0,1.34,0,2024,10,9,3.799999999999983
2024-10-09,161.86,163.45,164.84,159.74,31180000.0,-1.53,1,2024,10,9,5.099999999999994
2024-10-09,590.51,593.99,594.39,581.61,9530000.0,-0.4,2,2024,10,9,12.779999999999973
2024-10-09,417.46,415.86,420.38,414.3,14970000.0,0.66,3,2024,10,9,6.079999999999984
2024-10-10,186.65,187.13,188.13,185.83,27790000.0,0.8,0,2024,10,10,2.299999999999983
2024-10-10,162.08,160.87,163.07,160.4,14140000.0,0.14,1,2024,10,10,2.6699999999999875
2024-10-10,583.83,587.57,590.23,582.52,7740000.0,-1.13,2,2024,10,10,7.710000000000036
2024-10-10,415.84,415.23,417.35,413.15,13850000.0,-0.39,3,2024,10,10,4.2000000000000455
2024-10-11,188.82,186.63,189.93,186.3,25750000.0,1.16,0,2024,10,11,3.6299999999999955
2024-10-11,163.24,162.13,163.9,161.24,15340000.0,0.72,1,2024,10,11,2.6599999999999966
2024-10-11,589.95,584.83,591.21,582.71,8590000.0,1.05,2,2024,10,11,8.5
2024-10-11,416.32,416.14,417.13,413.25,14140000.0,0.12,3,2024,10,11,3.8799999999999955
2024-10-14,187.54,189.78,189.83,187.36,22610000.0,-0.68,0,2024,10,14,2.469999999999999
2024-10-14,164.96,163.64,166.23,163.4,19020000.0,1.05,1,2024,10,14,2.829999999999984
2024-10-14,590.42,594.22,600.1,589.96,8250000.0,0.08,2,2024,10,14,10.139999999999986
2024-10-14,419.14,417.77,424.04,417.52,16649999.999999998,0.68,3,2024,10,14,6.520000000000039
2024-10-15,187.69,187.63,188.41,184.58,32180000.0,0.08,0,2024,10,15,3.829999999999984
2024-10-15,165.46,165.79,167.68,164.63,20250000.0,0.3,1,2024,10,15,3.0500000000000114
2024-10-15,586.27,590.16,590.61,580.14,9560000.0,-0.7,2,2024,10,15,10.470000000000027
2024-10-15,418.74,422.18,422.48,415.26,18900000.0,-0.1,3,2024,10,15,7.220000000000027
2024-10-16,186.89,187.05,187.78,185.61,23460000.0,-0.43,0,2024,10,16,2.1699999999999875
2024-10-16,165.16,164.53,165.8,163.74,16410000.0,-0.18,1,2024,10,16,2.0600000000000023
2024-10-16,576.79,581.4,582.08,574.03,11270000.0,-1.62,2,2024,10,16,8.050000000000068
2024-10-16,416.12,415.17,416.36,410.48,15510000.0,-0.63,3,2024,10,16,5.8799999999999955
2024-10-17,187.53,188.22,188.94,186.0,25040000.0,0.34,0,2024,10,17,2.9399999999999977
2024-10-17,162.93,165.73,166.37,162.76,21450000.0,-1.35,1,2024,10,17,3.6100000000000136
2024-10-17,576.93,583.33,584.97,575.2,8700000.0,0.02,2,2024,10,17,9.769999999999982
2024-10-17,416.72,422.36,422.5,415.59,14820000.0,0.14,3,2024,10,17,6.910000000000025
2024-10-18,188.99,187.15,190.74,186.28,37420000.0,0.78,0,2024,10,18,4.460000000000008
2024-10-18,163.42,163.19,164.71,163.08,19760000.0,0.3,1,2024,10,18,1.6299999999999955
2024-10-18,576.47,581.1,583.97,575.25,7690000.0,-0.08,2,2024,10,18,8.720000000000027
2024-10-18,418.16,417.14,419.65,416.26,17150000.0,0.35,3,2024,10,18,3.3899999999999864
2024-10-21,189.07,188.05,189.46,186.4,24640000.0,0.04,0,2024,10,21,3.0600000000000023
2024-10-21,164.07,162.95,164.5,162.62,20950000.0,0.4,1,2024,10,21,1.8799999999999955
2024-10-21,575.16,576.03,577.24,569.11,8170000.0,-0.23,2,2024,10,21,8.129999999999995
2024-10-21,418.78,416.12,418.96,413.75,14210000.0,0.15,3,2024,10,21,5.2099999999999795
2024-10-22,189.7,188.35,191.52,186.98,29650000.0,0.33,0,2024,10,22,4.5400000000000205
2024-10-22,165.14,162.98,165.77,162.98,16570000.0,0.65,1,2024,10,22,2.7900000000000205
2024-10-22,582.01,574.29,583.53,572.12,8540000.0,1.19,2,2024,10,22,11.409999999999968
2024-10-22,427.51,418.49,430.58,418.04,25480000.0,2.08,3,2024,10,22,12.539999999999964
2024-10-23,184.71,188.85,189.16,183.69,31940000.0,-2.63,0,2024,10,23,5.469999999999999
2024-10-23,162.78,164.76,165.82,161.93,18280000.0,-1.43,1,2024,10,23,3.8899999999999864
2024-10-23,563.69,579.97,585.0,562.5,14250000.0,-3.15,2,2024,10,23,22.5
2024-10-23,424.6,430.86,431.08,422.53,19650000.0,-0.68,3,2024,10,23,8.550000000000011
2024-10-24,186.38,185.25,187.11,183.86,21650000.0,0.9,0,2024,10,24,3.25
2024-10-24,162.72,162.83,163.33,161.01,22410000.0,-0.04,1,2024,10,24,2.3200000000000216
2024-10-24,567.78,567.13,568.88,561.52,7180000.0,0.73,2,2024,10,24,7.360000000000014
2024-10-24,424.73,425.33,425.98,422.4,13580000.0,0.03,3,2024,10,24,3.580000000000041
2024-10-25,187.83,187.85,190.45,187.53,29360000.0,0.78,0,2024,10,25,2.9199999999999875
2024-10-25,165.27,163.67,165.59,163.42,19830000.0,1.57,1,2024,10,25,2.170000000000016
2024-10-25,573.25,573.93,581.29,571.72,11340000.0,0.96,2,2024,10,25,9.569999999999936
2024-10-25,428.15,426.76,432.52,426.57,16900000.0,0.81,3,2024,10,25,5.949999999999989
2024-10-28,188.39,189.57,190.21,188.21,27930000.0,0.3,0,2024,10,28,2.0
2024-10-28,166.72,168.75,168.75,163.95,32140000.0,0.88,1,2024,10,28,4.800000000000011
2024-10-28,578.16,582.0,583.75,574.12,10930000.0,0.86,2,2024,10,28,9.629999999999995
2024-10-28,426.59,431.65,431.94,426.3,14880000.0,-0.36,3,2024,10,28,5.639999999999986
2024-10-29,190.83,188.58,191.46,187.82,35690000.0,1.3,0,2024,10,29,3.640000000000015
2024-10-29,169.68,167.73,170.38,167.09,42170000.0,1.78,1,2024,10,29,3.289999999999992
2024-10-29,593.28,580.15,593.67,575.4,13020000.0,2.62,2,2024,10,29,18.269999999999982
2024-10-29,431.95,428.0,433.17,425.8,17640000.0,1.26,3,2024,10,29,7.3700000000000045
2024-10-30,192.73,194.7,195.61,192.42,37710000.0,1.0,0,2024,10,30,3.190000000000026
2024-10-30,174.46,180.68,182.02,174.06,68890000.0,2.82,1,2024,10,30,7.960000000000008
2024-10-30,591.8,600.98,601.2,589.38,26860000.0,-0.25,2,2024,10,30,11.82000000000005
2024-10-30,432.53,437.43,438.5,432.1,29750000.0,0.13,3,2024,10,30,6.399999999999977
2024-10-31,186.4,190.51,190.6,185.23,75150000.0,-3.28,0,2024,10,31,5.3700000000000045
2024-10-31,171.11,173.13,176.82,171.0,44770000.0,-1.92,1,2024,10,31,5.819999999999993
2024-10-31,567.58,585.0,589.9,563.01,26840000.0,-4.09,2,2024,10,31,26.889999999999986
2024-10-31,406.35,415.36,416.16,406.3,53970000.0,-6.05,3,2024,10,31,9.860000000000014
2024-11-01,197.93,199.0,200.5,197.02,99690000.0,6.19,0,2024,11,1,3.4799999999999898
2024-11-01,171.29,170.07,172.32,168.88,31800000.0,0.11,1,2024,11,1,3.4399999999999977
2024-11-01,567.16,567.6,573.67,562.56,15300000.0,-0.07,2,2024,11,1,11.110000000000014
2024-11-01,410.37,409.01,415.5,407.5,24230000.0,0.99,3,2024,11,1,8.0
2024-11-04,195.78,196.45,197.33,194.31,38490000.0,-1.09,0,2024,11,4,3.0200000000000102
2024-11-04,169.24,169.93,170.73,168.01,21490000.0,-1.2,1,2024,11,4,2.719999999999999
2024-11-04,560.68,564.1,568.69,557.89,12060000.0,-1.14,2,2024,11,4,10.800000000000068
2024-11-04,408.46,409.8,410.42,405.57,19670000.0,-0.47,3,2024,11,4,4.850000000000023
2024-11-05,199.5,196.04,199.82,195.99,30560000.0,1.9,0,2024,11,5,3.829999999999984
2024-11-05,169.74,169.43,170.53,168.84,18240000.0,0.3,1,2024,11,5,1.6899999999999977
2024-11-05,572.43,567.3,573.48,566.67,9780000.0,2.1,2,2024,11,5,6.810000000000059
2024-11-05,411.46,408.37,414.9,408.08,17630000.0,0.73,3,2024,11,5,6.819999999999993
2024-11-06,207.09,200.01,207.55,199.14,72290000.0,3.8,0,2024,11,6,8.410000000000025
2024-11-06,176.51,173.8,176.94,173.5,33700000.0,3.99,1,2024,11,6,3.4399999999999977
2024-11-06,572.05,562.75,573.0,555.17,18310000.0,-0.07,2,2024,11,6,17.83000000000004
2024-11-06,420.18,412.42,420.45,410.52,26680000.0,2.12,3,2024,11,6,9.930000000000007
2024-11-07,210.05,207.44,212.25,207.19,52880000.0,1.43,0,2024,11,7,5.060000000000002
2024-11-07,180.75,177.41,181.08,177.19,25350000.0,2.4,1,2024,11,7,3.890000000000015
2024-11-07,591.7,576.89,594.8,575.21,14650000.0,3.44,2,2024,11,7,19.589999999999918
2024-11-07,425.43,421.28,426.85,419.88,19900000.0,1.25,3,2024,11,7,6.970000000000027
2024-11-08,208.18,209.72,209.96,207.44,36080000.0,-0.89,0,2024,11,8,2.5200000000000102
2024-11-08,178.35,180.65,180.9,178.08,22010000.0,-1.33,1,2024,11,8,2.819999999999993
2024-11-08,589.34,591.54,593.1,584.52,9420000.0,-0.4,2,2024,11,8,8.580000000000041
2024-11-08,422.54,425.32,426.5,421.78,16890000.0,-0.68,3,2024,11,8,4.720000000000027
2024-11-11,206.84,208.5,209.65,205.59,35460000.0,-0.64,0,2024,11,11,4.060000000000002
2024-11-11,180.35,178.58,180.54,178.47,17450000.0,1.12,1,2024,11,11,2.069999999999993
2024-11-11,583.17,586.36,587.0,576.51,10210000.0,-1.05,2,2024,11,11,10.490000000000009
2024-11-11,418.01,422.52,424.81,416.0,24500000.0,-1.07,3,2024,11,11,8.810000000000002
2024-11-12,208.91,208.37,209.54,206.01,38940000.0,1.0,0,2024,11,12,3.530000000000001
2024-11-12,181.62,179.82,182.49,179.39,25130000.0,0.7,1,2024,11,12,3.1000000000000227
2024-11-12,584.82,588.54,599.66,580.38,16290000.0,0.28,2,2024,11,12,19.279999999999973
2024-11-12,423.03,418.25,424.44,417.2,19400000.0,1.2,3,2024,11,12,7.240000000000009
2024-11-13,214.1,209.4,215.09,209.14,46210000.0,2.48,0,2024,11,13,5.950000000000017
2024-11-13,178.88,180.46,180.96,178.54,23180000.0,-1.51,1,2024,11,13,2.420000000000016
2024-11-13,580.0,582.6,585.64,575.17,10760000.0,-0.82,2,2024,11,13,10.470000000000027
2024-11-13,425.2,421.64,429.33,418.21,21500000.0,0.51,3,2024,11,13,11.120000000000005
2024-11-14,211.48,214.16,215.9,210.88,42620000.0,-1.22,0,2024,11,14,5.02000000000001
2024-11-14,175.58,178.28,178.82,174.32,31010000.0,-1.84,1,2024,11,14,4.5
2024-11-14,577.16,577.0,580.76,573.01,11050000.0,-0.49,2,2024,11,14,7.75
2024-11-14,426.89,425.0,428.17,420.0,30250000.0,0.4,3,2024,11,14,8.170000000000016
2024-11-15,202.61,206.76,207.34,199.61,86590000.0,-4.19,0,2024,11,15,7.72999999999999
2024-11-15,172.49,173.73,174.14,171.22,32500000.0,-1.76,1,2024,11,15,2.9199999999999875
2024-11-15,554.08,571.22,572.57,551.5,17710000.0,-4.0,2,2024,11,15,21.07000000000005
2024-11-15,415.0,419.82,422.8,413.64,28250000.0,-2.79,3,2024,11,15,9.160000000000025
2024-11-18,201.7,204.15,204.67,200.95,36510000.0,-0.45,0,2024,11,18,3.719999999999999
2024-11-18,175.3,173.42,175.44,172.9,20210000.0,1.63,1,2024,11,18,2.539999999999992
2024-11-18,554.4,557.04,559.9,550.09,14350000.0,0.06,2,2024,11,18,9.809999999999945
2024-11-18,415.76,414.87,418.4,412.1,24740000.0,0.18,3,2024,11,18,6.2999999999999545
2024-11-19,204.61,199.33,205.3,198.78,31200000.0,1.44,0,2024,11,19,6.52000000000001
2024-11-19,178.12,173.72,178.87,173.56,23430000.0,1.61,1,2024,11,19,5.310000000000002
2024-11-19,561.09,551.86,561.43,550.6,9520000.0,1.21,2,2024,11,19,10.829999999999927
2024-11-19,417.79,413.11,417.94,411.55,18130000.0,0.49,3,2024,11,19,6.389999999999986
2024-11-20,202.88,202.98,203.13,199.45,32770000.000000004,-0.85,0,2024,11,20,3.680000000000007
2024-11-20,175.98,177.34,177.68,173.78,19000000.0,-1.2,1,2024,11,20,3.9000000000000057
2024-11-20,565.52,562.93,566.35,554.2,9800000.0,0.79,2,2024,11,20,12.149999999999977
2024-11-20,415.49,416.87,417.29,410.58,19190000.0,-0.55,3,2024,11,20,6.710000000000036
2024-11-21,198.38,203.49,203.49,195.75,58800000.0,-2.22,0,2024,11,21,7.740000000000009
2024-11-21,167.63,173.9,174.13,163.7,59730000.0,-4.74,1,2024,11,21,10.430000000000007
2024-11-21,563.09,569.52,570.0,549.05,11150000.0,-0.43,2,2024,11,21,20.950000000000045
2024-11-21,412.87,419.5,419.78,410.29,20780000.0,-0.63,3,2024,11,21,9.489999999999952
2024-11-22,197.12,198.25,199.26,196.75,31530000.0,-0.64,0,2024,11,22,2.509999999999991
2024-11-22,164.76,165.85,166.46,163.9,38600000.0,-1.71,1,2024,11,22,2.5600000000000023
2024-11-22,559.14,563.55,563.83,554.59,9160000.0,-0.7,2,2024,11,22,9.240000000000009
2024-11-22,417.0,411.36,417.4,411.06,24810000.0,1.0,3,2024,11,22,6.339999999999975
2024-11-25,201.45,199.28,201.95,199.0,40690000.0,2.2,0,2024,11,25,2.9499999999999886
2024-11-25,167.65,166.09,168.63,165.61,33140000.0,1.75,1,2024,11,25,3.019999999999982
2024-11-25,565.11,562.1,572.59,556.39,13600000.0,1.07,2,2024,11,25,16.200000000000045
2024-11-25,418.79,418.38,421.08,414.85,27690000.0,0.43,3,2024,11,25,6.229999999999961
2024-11-26,207.86,201.9,208.0,201.79,41670000.0,3.18,0,2024,11,26,6.210000000000008
2024-11-26,169.12,167.63,169.82,167.58,20490000.0,0.88,1,2024,11,26,2.2399999999999807
2024-11-26,573.54,566.0,577.5,565.2,10360000.0,1.49,2,2024,11,26,12.299999999999955
2024-11-26,427.99,419.58,429.04,418.85,23460000.0,2.2,3,2024,11,26,10.189999999999998
2024-11-27,205.74,206.98,207.64,205.05,28060000.0,-1.02,0,2024,11,27,2.589999999999975
2024-11-27,169.23,169.0,169.48,168.02,19270000.0,0.07,1,2024,11,27,1.4599999999999795
2024-11-27,569.2,574.89,574.98,564.1,7200000.0,-0.76,2,2024,11,27,10.879999999999995
2024-11-27,422.99,425.11,427.23,422.02,18330000.0,-1.17,3,2024,11,27,5.210000000000036
2024-11-29,207.89,205.83,208.2,204.59,24890000.0,1.05,0,2024,11,29,3.609999999999985
2024-11-29,168.95,168.5,169.43,167.16,14260000.0,-0.17,1,2024,11,29,2.2700000000000102
2024-11-29,574.32,569.0,578.46,566.9,7130000.0,0.9,2,2024,11,29,11.56000000000006
2024-11-29,423.46,420.09,424.88,417.8,16270000.0,0.11,3,2024,11,29,7.079999999999984
2024-12-02,210.71,209.96,212.99,209.51,39520000.0,1.36,0,2024,12,2,3.480000000000018
2024-12-02,171.49,168.76,172.07,168.57,23790000.0,1.5,1,2024,12,2,3.5
2024-12-02,592.83,577.5,594.5,575.57,12520000.0,3.22,2,2024,12,2,18.92999999999995
2024-12-02,430.98,421.57,433.0,421.31,20210000.0,1.78,3,2024,12,2,11.689999999999998
2024-12-03,213.44,210.31,214.02,209.65,32210000.0,1.3,0,2024,12,3,4.3700000000000045
2024-12-03,171.34,171.49,172.68,170.85,22250000.0,-0.09,1,2024,12,3,1.8300000000000125
2024-12-03,613.65,595.0,614.2,591.25,14910000.0,3.51,2,2024,12,3,22.950000000000045
2024-12-03,431.2,429.84,432.47,427.74,18300000.0,0.05,3,2024,12,3,4.730000000000018
2024-12-04,218.16,215.96,220.0,215.75,48750000.0,2.21,0,2024,12,4,4.25
2024-12-04,174.37,171.15,174.91,171.06,31620000.0,1.77,1,2024,12,4,3.8499999999999943
2024-12-04,613.78,612.96,617.78,605.1,14700000.0,0.02,2,2024,12,4,12.67999999999995
2024-12-04,437.42,433.03,439.67,432.63,26010000.0,1.44,3,2024,12,4,7.0400000000000205
2024-12-05,220.55,218.03,222.15,217.3,41140000.0,1.1,0,2024,12,5,4.849999999999994
2024-12-05,172.64,175.36,176.06,172.33,21360000.0,-0.99,1,2024,12,5,3.7299999999999898
2024-12-05,608.93,617.08,619.9,607.05,8080000.0,-0.79,2,2024,12,5,12.850000000000023
2024-12-05,442.62,437.92,444.66,436.17,21700000.0,1.19,3,2024,12,5,8.490000000000009
2024-12-06,227.03,220.75,227.15,220.6,44180000.0,2.94,0,2024,12,6,6.550000000000011
2024-12-06,174.71,172.03,175.08,171.86,21460000.0,1.2,1,2024,12,6,3.219999999999999
2024-12-06,623.77,610.1,629.79,608.53,16940000.0,2.44,2,2024,12,6,21.25999999999999
2024-12-06,443.57,442.3,446.1,441.77,18820000.0,0.21,3,2024,12,6,4.330000000000041
2024-12-09,226.09,227.21,230.08,225.67,46820000.0,-0.41,0,2024,12,9,4.410000000000025
2024-12-09,175.37,173.96,176.26,173.65,25390000.0,0.38,1,2024,12,9,2.609999999999985
2024-12-09,613.57,623.92,626.4,606.17,11430000.0,-1.64,2,2024,12,9,20.230000000000018
2024-12-09,446.02,442.6,448.33,440.5,19140000.0,0.55,3,2024,12,9,7.829999999999984
2024-12-10,225.04,226.09,229.06,224.2,31200000.0,-0.46,0,2024,12,10,4.860000000000014
2024-12-10,185.17,182.85,186.36,181.05,54810000.0,5.59,1,2024,12,10,5.310000000000002
2024-12-10,619.32,617.56,625.59,612.74,10940000.0,0.94,2,2024,12,10,12.850000000000023
2024-12-10,443.33,444.39,449.62,441.6,18470000.0,-0.6,3,2024,12,10,8.019999999999982
2024-12-11,230.26,226.41,231.2,226.26,35390000.0,2.32,0,2024,12,11,4.939999999999998
2024-12-11,195.4,185.31,195.61,184.85,67890000.0,5.52,1,2024,12,11,10.76000000000002
2024-12-11,632.68,623.37,638.4,621.53,10840000.0,2.16,2,2024,12,11,16.870000000000005
2024-12-11,448.99,444.05,450.35,444.05,19200000.0,1.28,3,2024,12,11,6.300000000000011
2024-12-12,228.97,229.83,231.09,227.63,28200000.0,-0.56,0,2024,12,12,3.460000000000008
2024-12-12,191.96,195.0,195.18,191.71,34820000.0,-1.76,1,2024,12,12,3.469999999999999
2024-12-12,630.79,631.5,636.66,627.21,7470000.0,-0.3,2,2024,12,12,9.449999999999932
2024-12-12,449.56,449.11,456.16,449.11,20830000.0,0.13,3,2024,12,12,7.050000000000011
2024-12-13,227.46,228.4,230.2,225.86,28770000.0,-0.66,0,2024,12,13,4.339999999999975
2024-12-13,189.82,191.01,192.73,189.64,25140000.0,-1.11,1,2024,12,13,3.0900000000000034
2024-12-13,620.35,627.22,631.08,616.89,8450000.0,-1.66,2,2024,12,13,14.190000000000055
2024-12-13,447.27,448.43,451.43,445.58,20180000.0,-0.51,3,2024,12,13,5.850000000000023
2024-12-16,232.93,230.23,233.0,228.01,37550000.0,2.4,0,2024,12,16,4.990000000000009
2024-12-16,196.66,192.87,199.0,192.62,44930000.0,3.6,1,2024,12,16,6.3799999999999955
2024-12-16,624.24,629.97,631.15,618.58,10890000.0,0.63,2,2024,12,16,12.569999999999936
2024-12-16,451.59,447.27,452.18,445.28,23600000.0,0.97,3,2024,12,16,6.900000000000034
2024-12-17,231.15,232.39,232.73,227.85,35950000.0,-0.76,0,2024,12,17,4.8799999999999955
2024-12-17,195.42,197.25,201.42,194.98,43500000.0,-0.63,1,2024,12,17,6.439999999999998
2024-12-17,619.44,626.17,632.37,616.54,12900000.0,-0.77,2,2024,12,17,15.830000000000041
2024-12-17,454.46,451.01,455.29,449.57,22730000.0,0.64,3,2024,12,17,5.720000000000027
2024-12-18,220.52,230.77,231.4,220.11,43280000.0,-4.6,0,2024,12,18,11.289999999999992
2024-12-18,188.4,195.22,197.0,187.74,34170000.0,-3.59,1,2024,12,18,9.259999999999991
2024-12-18,597.19,621.0,627.36,596.32,17080000.0,-3.59,2,2024,12,18,31.039999999999964
2024-12-18,437.39,451.32,452.65,437.02,24440000.0,-3.76,3,2024,12,18,15.629999999999995
2024-12-19,223.29,224.91,226.09,222.92,39920000.0,1.26,0,2024,12,19,3.170000000000016
2024-12-19,188.51,191.63,193.03,188.38,32270000.000000004,0.06,1,2024,12,19,4.650000000000006
2024-12-19,595.57,610.39,611.52,595.0,14960000.0,-0.27,2,2024,12,19,16.519999999999982
2024-12-19,437.03,441.62,443.18,436.32,22960000.0,-0.08,3,2024,12,19,6.860000000000014
2024-12-20,224.92,219.84,226.21,218.73,88280000.0,0.73,0,2024,12,20,7.480000000000018
2024-12-20,191.41,185.78,192.89,185.22,63460000.0,1.54,1,2024,12,20,7.6699999999999875
2024-12-20,585.25,590.58,603.11,580.0,48990000.0,-1.73,2,2024,12,20,23.110000000000014
2024-12-20,436.6,433.11,443.74,428.63,64260000.00000001,-0.1,3,2024,12,20,15.110000000000014
2024-12-23,225.06,225.01,226.88,223.9,28070000.0,0.06,0,2024,12,23,2.9799999999999898
2024-12-23,194.63,192.62,195.1,190.15,25680000.0,1.68,1,2024,12,23,4.949999999999989
2024-12-23,599.85,589.6,601.09,586.25,10210000.0,2.49,2,2024,12,23,14.840000000000032
2024-12-23,435.25,436.74,437.65,432.83,19150000.0,-0.31,3,2024,12,23,4.819999999999993
2024-12-24,229.05,226.94,229.14,226.13,15010000.0,1.77,0,2024,12,24,3.009999999999991
2024-12-24,196.11,194.84,196.11,193.78,10400000.0,0.76,1,2024,12,24,2.3300000000000125
2024-12-24,607.75,602.72,607.99,599.28,4730000.0,1.32,2,2024,12,24,8.710000000000036
2024-12-24,439.33,434.65,439.6,434.19,7160000.0,0.94,3,2024,12,24,5.410000000000025
2024-12-26,227.05,228.5,228.5,226.67,16170000.000000002,-0.87,0,2024,12,26,1.8300000000000125
2024-12-26,195.6,195.15,196.75,194.38,12060000.0,-0.26,1,2024,12,26,2.3700000000000045
2024-12-26,603.35,605.48,606.3,598.94,6090000.0,-0.72,2,2024,12,26,7.3599999999999
2024-12-26,438.11,439.08,440.94,436.63,8199999.999999999,-0.28,3,2024,12,26,4.310000000000002
2024-12-27,223.75,225.6,226.03,220.9,27370000.0,-1.45,0,2024,12,27,5.1299999999999955
2024-12-27,192.76,194.95,195.32,190.65,18890000.0,-1.45,1,2024,12,27,4.6699999999999875
2024-12-27,599.81,599.41,601.85,589.8,8080000.0,-0.59,2,2024,12,27,12.050000000000068
2024-12-27,430.53,434.6,435.22,426.35,18120000.0,-1.73,3,2024,12,27,8.870000000000005
2024-12-30,221.3,220.06,223.0,218.43,28320000.0,-1.09,0,2024,12,30,4.569999999999993
2024-12-30,191.24,189.8,192.55,189.12,14260000.0,-0.79,1,2024,12,30,3.430000000000007
2024-12-30,591.24,588.75,596.94,585.58,7030000.0,-1.43,2,2024,12,30,11.360000000000014
2024-12-30,424.83,426.06,427.55,421.9,13160000.0,-1.32,3,2024,12,30,5.650000000000034
2024-12-31,219.39,222.96,223.23,218.94,24820000.0,-0.86,0,2024,12,31,4.289999999999992
2024-12-31,189.3,191.07,191.96,188.51,17470000.0,-1.01,1,2024,12,31,3.450000000000017
2024-12-31,585.51,592.27,593.97,583.85,6020000.0,-0.97,2,2024,12,31,10.120000000000005
2024-12-31,421.5,426.1,426.73,420.66,13250000.0,-0.78,3,2024,12,31,6.069999999999993
2025-01-02,220.22,222.03,225.15,218.19,33960000.0,0.38,0,2025,1,2,6.960000000000008
2025-01-02,189.43,190.65,192.0,187.5,20370000.0,0.07,1,2025,1,2,4.5
2025-01-02,599.24,589.72,604.91,587.82,12680000.0,2.34,2,2025,1,2,17.089999999999918
2025-01-02,418.58,425.53,426.07,414.85,16900000.0,-0.69,3,2025,1,2,11.21999999999997
2025-01-03,224.19,222.51,225.36,221.62,27520000.0,1.8,0,2025,1,3,3.740000000000009
2025-01-03,191.79,191.37,193.21,189.98,18600000.0,1.25,1,2025,1,3,3.230000000000018
2025-01-03,604.63,604.76,609.5,596.41,11440000.0,0.9,2,2025,1,3,13.090000000000032
2025-01-03,423.35,421.08,424.03,419.54,16660000.0,1.14,3,2025,1,3,4.489999999999952
2025-01-06,227.61,226.78,228.84,224.84,31850000.0,1.53,0,2025,1,6,4.0
2025-01-06,196.87,193.98,198.22,193.85,29560000.0,2.65,1,2025,1,6,4.3700000000000045
2025-01-06,630.2,611.83,630.99,605.62,14560000.0,4.23,2,2025,1,6,25.370000000000005
2025-01-06,427.85,428.0,434.32,425.48,20570000.0,1.06,3,2025,1,6,8.839999999999975
2025-01-07,222.11,227.9,228.38,221.46,28080000.0,-2.42,0,2025,1,7,6.9199999999999875
2025-01-07,195.49,197.11,201.0,194.6,26490000.0,-0.7,1,2025,1,7,6.400000000000006
2025-01-07,617.89,631.7,632.1,608.23,12070000.0,-1.95,2,2025,1,7,23.870000000000005
2025-01-07,422.37,429.0,430.65,420.8,18140000.0,-1.28,3,2025,1,7,9.849999999999966
2025-01-08,222.13,223.18,223.52,220.2,25030000.0,0.01,0,2025,1,8,3.3200000000000216
2025-01-08,193.95,192.57,196.29,192.38,24860000.0,-0.79,1,2025,1,8,3.9099999999999966
2025-01-08,610.72,613.4,616.44,602.79,10090000.0,-1.16,2,2025,1,8,13.650000000000091
2025-01-08,424.56,423.46,426.97,421.54,15050000.0,0.52,3,2025,1,8,5.430000000000007
2025-01-10,218.94,221.46,221.71,216.5,36810000.0,-1.44,0,2025,1,10,5.210000000000008
2025-01-10,192.04,194.29,196.52,190.31,26670000.0,-0.98,1,2025,1,10,6.210000000000008
2025-01-10,615.86,610.03,629.91,597.34,19260000.0,0.84,2,2025,1,10,32.569999999999936
2025-01-10,418.95,424.63,424.71,415.02,20200000.0,-1.32,3,2025,1,10,9.689999999999998
2025-01-13,218.46,218.06,219.4,216.47,27260000.0,-0.22,0,2025,1,13,2.930000000000007
2025-01-13,191.01,190.07,191.18,187.36,21820000.0,-0.54,1,2025,1,13,3.819999999999993
2025-01-13,608.33,607.1,608.97,598.45,10790000.0,-1.22,2,2025,1,13,10.519999999999982
2025-01-13,417.19,415.23,418.5,412.29,17600000.0,-0.42,3,2025,1,13,6.2099999999999795
2025-01-14,217.76,220.44,221.82,216.2,24710000.0,-0.32,0,2025,1,14,5.6200000000000045
2025-01-14,189.66,191.24,191.98,188.31,17170000.0,-0.71,1,2025,1,14,3.6699999999999875
2025-01-14,594.25,605.07,605.49,588.55,13600000.0,-2.31,2,2025,1,14,16.940000000000055
2025-01-14,415.67,417.81,419.74,410.72,16940000.0,-0.36,3,2025,1,14,9.019999999999982
2025-01-15,223.35,222.83,223.57,220.75,31290000.0,2.57,0,2025,1,15,2.819999999999993
2025-01-15,195.55,193.09,196.36,191.86,21780000.0,3.11,1,2025,1,15,4.5
2025-01-15,617.12,610.21,622.46,606.5,15520000.0,3.85,2,2025,1,15,15.960000000000036
2025-01-15,426.31,419.13,428.15,418.27,19640000.0,2.56,3,2025,1,15,9.879999999999995
2025-01-16,220.66,224.42,224.65,220.31,24760000.0,-1.2,0,2025,1,16,4.340000000000003
2025-01-16,192.91,194.14,195.48,192.81,17820000.0,-1.35,1,2025,1,16,2.6699999999999875
2025-01-16,611.3,611.5,616.25,609.71,8359999.999999999,-0.94,2,2025,1,16,6.539999999999964
2025-01-16,424.58,428.7,429.49,424.39,15300000.0,-0.41,3,2025,1,16,5.100000000000023
2025-01-17,225.94,225.84,226.51,223.08,42370000.0,2.39,0,2025,1,17,3.4299999999999784
2025-01-17,196.0,196.53,197.23,193.75,27740000.0,1.6,1,2025,1,17,3.4799999999999898
2025-01-17,612.77,624.05,624.97,603.67,17280000.0,0.24,2,2025,1,17,21.300000000000068
2025-01-17,429.03,434.08,434.48,428.17,26200000.0,1.05,3,2025,1,17,6.310000000000002
2025-01-21,230.71,228.9,231.78,226.94,39950000.0,2.11,0,2025,1,21,4.840000000000003
2025-01-21,198.05,199.07,202.29,197.87,29970000.0,1.05,1,2025,1,21,4.4199999999999875
2025-01-21,616.46,617.83,621.5,609.01,11670000.0,0.6,2,2025,1,21,12.490000000000009
2025-01-21,428.5,430.2,430.9,425.6,26090000.0,-0.12,3,2025,1,21,5.2999999999999545
2025-01-22,235.01,232.02,235.44,231.19,41450000.0,1.86,0,2025,1,22,4.25
2025-01-22,198.37,199.06,200.48,197.53,26200000.0,0.16,1,2025,1,22,2.9499999999999886
2025-01-22,623.5,623.3,633.7,619.43,12270000.0,1.14,2,2025,1,22,14.270000000000095
2025-01-22,446.2,437.56,447.27,436.0,27800000.0,4.13,3,2025,1,22,11.269999999999982
2025-01-23,235.42,234.1,235.52,231.51,26400000.0,0.17,0,2025,1,23,4.010000000000019
2025-01-23,197.98,198.14,200.3,195.2,26950000.0,-0.2,1,2025,1,23,5.100000000000023
2025-01-23,636.45,627.36,636.6,621.15,9910000.0,2.08,2,2025,1,23,15.450000000000045
2025-01-23,446.71,442.0,446.75,441.5,18390000.0,0.11,3,2025,1,23,5.25
2025-01-24,234.85,234.5,236.4,232.93,25890000.0,-0.24,0,2025,1,24,3.469999999999999
2025-01-24,200.21,198.1,200.9,198.0,23880000.0,1.13,1,2025,1,24,2.9000000000000057
2025-01-24,647.49,636.4,652.0,634.2,19070000.0,1.73,2,2025,1,24,17.799999999999955
2025-01-24,444.06,445.16,446.65,441.4,15550000.0,-0.59,3,2025,1,24,5.25
2025-01-27,235.42,226.21,235.61,225.86,49430000.0,0.24,0,2025,1,27,9.75
2025-01-27,191.81,192.41,196.88,190.73,41730000.0,-4.2,1,2025,1,27,6.150000000000006
2025-01-27,659.88,626.61,663.87,625.1,28400000.0,1.91,2,2025,1,27,38.76999999999998
2025-01-27,434.56,424.01,435.2,423.5,35650000.0,-2.14,3,2025,1,27,11.699999999999989
2025-01-28,238.15,234.29,241.77,233.98,41590000.0,1.16,0,2025,1,28,7.7900000000000205
2025-01-28,195.3,192.74,195.48,190.68,24160000.0,1.82,1,2025,1,28,4.799999999999983
2025-01-28,674.33,666.0,682.58,659.47,20950000.0,2.19,2,2025,1,28,23.110000000000014
2025-01-28,447.2,434.6,448.38,431.38,23490000.0,2.91,3,2025,1,28,17.0
2025-01-29,237.07,239.01,240.39,236.15,26090000.0,-0.45,0,2025,1,29,4.239999999999981
2025-01-29,195.41,195.55,196.79,193.43,18220000.0,0.06,1,2025,1,29,3.359999999999985
2025-01-29,676.49,675.0,681.05,665.67,21380000.0,0.32,2,2025,1,29,15.379999999999995
2025-01-29,442.33,446.69,446.88,440.4,23580000.0,-1.09,3,2025,1,29,6.480000000000018
2025-01-30,234.64,237.14,237.95,232.22,32020000.000000004,-1.03,0,2025,1,30,5.72999999999999
2025-01-30,200.87,198.0,201.4,197.67,24350000.0,2.79,1,2025,1,30,3.730000000000018
2025-01-30,687.0,696.82,710.79,676.1,29320000.0,1.55,2,2025,1,30,34.68999999999994
2025-01-30,414.99,418.77,422.86,413.16,54590000.0,-6.18,3,2025,1,30,9.699999999999989
2025-01-31,237.68,236.5,240.29,236.41,36160000.0,1.3,0,2025,1,31,3.8799999999999955
2025-01-31,204.02,202.0,205.48,201.8,32040000.0,1.57,1,2025,1,31,3.6799999999999784
2025-01-31,689.18,691.0,705.3,685.58,19330000.0,0.32,2,2025,1,31,19.719999999999914
2025-01-31,415.06,418.98,420.69,414.91,34220000.0,0.02,3,2025,1,31,5.779999999999973
2025-02-03,237.42,234.06,239.25,232.9,37290000.0,-0.11,0,2025,2,3,6.349999999999994
2025-02-03,201.23,200.69,203.75,200.1,27840000.0,-1.37,1,2025,2,3,3.6500000000000057
2025-02-03,697.46,675.91,704.0,675.25,21420000.0,1.2,2,2025,2,3,28.75
2025-02-03,410.92,411.6,415.41,408.66,25680000.0,-1.0,3,2025,2,3,6.75
2025-02-04,242.06,239.01,242.52,238.03,29710000.0,1.95,0,2025,2,4,4.490000000000009
2025-02-04,206.38,203.39,207.05,202.81,43860000.0,2.56,1,2025,2,4,4.240000000000009
2025-02-04,704.19,702.5,707.71,691.61,13830000.0,0.96,2,2025,2,4,16.100000000000023
2025-02-04,412.37,412.68,413.92,409.74,20530000.0,0.35,3,2025,2,4,4.180000000000007
2025-02-05,236.17,237.02,238.32,235.2,38830000.0,-2.43,0,2025,2,5,3.1200000000000045
2025-02-05,191.33,191.07,192.75,188.03,70460000.0,-7.29,1,2025,2,5,4.719999999999999
2025-02-05,704.87,703.55,718.14,699.01,17790000.0,0.1,2,2025,2,5,19.129999999999995
2025-02-05,413.29,412.35,413.83,410.4,16340000.0,0.22,3,2025,2,5,3.430000000000007
2025-02-06,238.83,238.01,239.66,236.01,60900000.0,1.13,0,2025,2,6,3.6500000000000057
2025-02-06,191.6,189.5,192.1,188.72,29300000.0,0.14,1,2025,2,6,3.3799999999999955
2025-02-06,711.99,705.88,718.9,703.5,13080000.0,1.01,2,2025,2,6,15.399999999999977
2025-02-06,415.82,414.0,418.2,414.0,16309999.999999998,0.61,3,2025,2,6,4.199999999999989
2025-02-07,229.15,232.5,234.81,228.06,77540000.0,-4.05,0,2025,2,7,6.75
2025-02-07,185.34,191.05,191.18,183.24,49310000.0,-3.27,1,2025,2,7,7.939999999999998
2025-02-07,714.52,716.79,725.01,711.75,16430000.0,0.36,2,2025,2,7,13.259999999999991
2025-02-07,409.75,416.48,418.65,408.1,22890000.0,-1.46,3,2025,2,7,10.549999999999955
2025-02-10,233.14,230.54,233.92,229.2,35420000.0,1.74,0,2025,2,10,4.719999999999999
2025-02-10,186.47,187.35,188.2,185.86,23110000.0,0.61,1,2025,2,10,2.339999999999975
2025-02-10,717.4,718.56,721.2,711.33,12900000.0,0.4,2,2025,2,10,9.870000000000005
2025-02-10,412.22,413.71,415.46,410.92,20820000.0,0.6,3,2025,2,10,4.539999999999964
2025-02-11,232.76,231.92,233.44,230.13,23710000.0,-0.16,0,2025,2,11,3.3100000000000023
2025-02-11,185.32,185.03,186.94,184.28,21240000.0,-0.62,1,2025,2,11,2.6599999999999966
2025-02-11,719.8,713.32,723.66,710.04,13000000.0,0.33,2,2025,2,11,13.620000000000005
2025-02-11,411.44,409.64,412.49,409.3,18140000.0,-0.19,3,2025,2,11,3.1899999999999977
2025-02-12,228.93,230.46,231.18,228.16,32290000.0,-1.65,0,2025,2,12,3.0200000000000102
2025-02-12,183.61,183.22,185.11,181.83,22070000.0,-0.92,1,2025,2,12,3.280000000000001
2025-02-12,725.38,715.3,727.1,712.6,12020000.0,0.78,2,2025,2,12,14.5
2025-02-12,409.04,407.21,410.75,404.37,19120000.0,-0.58,3,2025,2,12,6.3799999999999955
2025-02-13,230.37,228.85,230.42,227.52,31350000.0,0.63,0,2025,2,13,2.8999999999999773
2025-02-13,186.14,184.32,186.28,183.14,21400000.0,1.38,1,2025,2,13,3.140000000000015
2025-02-13,728.56,721.52,729.0,718.04,12570000.0,0.44,2,2025,2,13,10.960000000000036
2025-02-13,410.54,407.0,411.0,406.36,23890000.0,0.37,3,2025,2,13,4.639999999999986
2025-02-14,228.68,229.2,229.89,227.23,27030000.0,-0.73,0,2025,2,14,2.6599999999999966
2025-02-14,185.23,185.05,186.4,184.32,20450000.0,-0.49,1,2025,2,14,2.0800000000000125
2025-02-14,736.67,726.14,740.91,725.62,16900000.0,1.11,2,2025,2,14,15.289999999999964
2025-02-14,408.43,407.79,408.91,405.88,22760000.0,-0.51,3,2025,2,14,3.0300000000000296
2025-02-18,226.65,228.82,229.3,223.72,42980000.0,-0.89,0,2025,2,18,5.5800000000000125
2025-02-18,183.77,185.6,185.96,181.74,29920000.0,-0.79,1,2025,2,18,4.219999999999999
2025-02-18,716.37,736.0,737.0,706.44,21940000.0,-2.76,2,2025,2,18,30.559999999999945
2025-02-18,409.64,408.0,410.6,406.5,21420000.0,0.3,3,2025,2,18,4.100000000000023
2025-02-19,226.63,225.52,226.83,223.71,28570000.0,-0.01,0,2025,2,19,3.1200000000000045
2025-02-19,185.27,184.07,185.46,183.59,19550000.0,0.82,1,2025,2,19,1.8700000000000045
2025-02-19,703.77,704.09,707.0,695.39,17540000.0,-1.76,2,2025,2,19,11.610000000000014
2025-02-19,414.77,407.88,415.49,407.65,24110000.0,1.25,3,2025,2,19,7.840000000000032
2025-02-20,222.88,224.77,225.13,221.81,30000000.0,-1.65,0,2025,2,20,3.319999999999993
2025-02-20,184.56,184.8,185.31,182.72,20440000.0,-0.38,1,2025,2,20,2.5900000000000034
2025-02-20,694.84,697.28,705.63,693.64,12590000.0,-1.27,2,2025,2,20,11.990000000000009
2025-02-20,416.13,415.29,419.31,412.54,23510000.0,0.33,3,2025,2,20,6.769999999999982
2025-02-21,216.58,223.28,223.31,214.74,55320000.0,-2.83,0,2025,2,21,8.569999999999993
2025-02-21,179.66,185.15,185.34,179.08,35200000.0,-2.65,1,2025,2,21,6.259999999999991
2025-02-21,683.55,696.58,703.87,682.36,15660000.0,-1.62,2,2025,2,21,21.50999999999999
2025-02-21,408.21,417.33,418.05,407.89,27520000.0,-1.9,3,2025,2,21,10.160000000000025
2025-02-24,212.71,217.45,217.71,212.42,42390000.0,-1.79,0,2025,2,24,5.2900000000000205
2025-02-24,179.25,181.99,183.12,178.88,29850000.0,-0.23,1,2025,2,24,4.240000000000009
2025-02-24,668.13,686.28,687.27,662.45,15680000.0,-2.26,2,2025,2,24,24.819999999999936
2025-02-24,404.0,408.51,409.37,399.32,26440000.0,-1.03,3,2025,2,24,10.050000000000011
2025-02-25,212.8,211.63,213.34,204.16,58960000.0,0.04,0,2025,2,25,9.180000000000007
2025-02-25,175.42,178.04,178.74,174.69,41910000.0,-2.14,1,2025,2,25,4.050000000000011
2025-02-25,657.5,665.97,668.0,641.86,20580000.0,-1.59,2,2025,2,25,26.139999999999986
2025-02-25,397.9,401.1,401.92,396.7,29390000.0,-1.51,3,2025,2,25,5.220000000000027
2025-02-26,214.35,214.94,218.16,213.09,39120000.0,0.73,0,2025,2,26,5.069999999999993
2025-02-26,172.73,175.07,176.08,171.58,35430000.0,-1.53,1,2025,2,26,4.5
2025-02-26,673.7,659.65,683.01,658.0,14490000.0,2.46,2,2025,2,26,25.00999999999999
2025-02-26,399.73,398.01,403.6,394.24,19620000.0,0.46,3,2025,2,26,9.360000000000014
2025-02-27,208.74,218.35,219.97,208.37,40550000.0,-2.62,0,2025,2,27,11.599999999999994
2025-02-27,168.5,173.99,174.56,167.94,39990000.0,-2.45,1,2025,2,27,6.6200000000000045
2025-02-27,658.24,682.45,688.65,657.57,12500000.0,-2.29,2,2025,2,27,31.079999999999927
2025-02-27,392.53,401.27,405.74,392.17,21130000.0,-1.8,3,2025,2,27,13.569999999999993
2025-02-28,212.28,208.65,212.62,206.99,51770000.0,1.7,0,2025,2,28,5.6299999999999955
2025-02-28,170.28,168.68,170.61,166.77,48130000.0,1.06,1,2025,2,28,3.8400000000000034
2025-02-28,668.2,658.04,669.63,642.6,17530000.0,1.51,2,2025,2,28,27.029999999999973
2025-02-28,396.99,392.65,397.63,386.57,32850000.0,1.14,3,2025,2,28,11.060000000000002
2025-03-03,205.02,213.35,214.01,202.55,42950000.0,-3.42,0,2025,3,3,11.45999999999998
2025-03-03,167.01,171.93,173.37,165.93,40770000.0,-1.92,1,2025,3,3,7.439999999999998
2025-03-03,655.05,673.67,681.25,650.84,10840000.0,-1.97,2,2025,3,3,30.409999999999968
2025-03-03,388.49,398.82,398.82,386.15,23010000.0,-2.14,3,2025,3,3,12.670000000000016
2025-03-04,203.8,200.11,206.8,197.43,60850000.0,-0.6,0,2025,3,4,9.370000000000005
2025-03-04,170.92,166.24,173.29,165.8,45390000.0,2.34,1,2025,3,4,7.489999999999981
2025-03-04,640.0,645.51,649.75,623.65,21500000.0,-2.3,2,2025,3,4,26.100000000000023
2025-03-04,388.61,383.4,392.58,381.0,29340000.0,0.03,3,2025,3,4,11.579999999999984
2025-03-05,208.36,204.8,209.98,203.26,38610000.0,2.24,0,2025,3,5,6.719999999999999
2025-03-05,173.02,170.52,173.78,169.06,30950000.0,1.23,1,2025,3,5,4.719999999999999
2025-03-05,656.47,641.0,659.5,637.66,13770000.0,2.57,2,2025,3,5,21.840000000000032
2025-03-05,401.02,389.34,401.67,388.81,23430000.0,3.19,3,2025,3,5,12.860000000000014
2025-03-06,200.7,204.4,205.77,198.3,49860000.0,-3.68,0,2025,3,6,7.469999999999999
2025-03-06,172.35,170.53,174.81,170.5,28300000.0,-0.39,1,2025,3,6,4.310000000000002
2025-03-06,627.93,648.0,650.56,624.11,13450000.0,-4.35,2,2025,3,6,26.449999999999932
2025-03-06,396.89,394.28,402.15,392.68,23300000.0,-1.03,3,2025,3,6,9.46999999999997
2025-03-07,199.25,199.49,202.27,192.53,59800000.0,-0.72,0,2025,3,7,9.740000000000009
2025-03-07,173.86,171.26,174.97,170.27,27390000.0,0.88,1,2025,3,7,4.699999999999989
2025-03-07,625.66,625.37,634.79,600.61,21380000.0,-0.36,2,2025,3,7,34.17999999999995
2025-03-07,393.31,392.32,394.8,385.54,22030000.0,-0.9,3,2025,3,7,9.259999999999991
2025-03-10,194.54,195.6,196.73,190.85,62350000.0,-2.36,0,2025,3,10,5.8799999999999955
2025-03-10,165.87,168.26,168.46,163.69,43600000.0,-4.6,1,2025,3,10,4.77000000000001
2025-03-10,597.99,608.07,610.11,586.87,22000000.0,-4.42,2,2025,3,10,23.24000000000001
2025-03-10,380.16,385.84,386.4,377.22,32840000.000000004,-3.34,3,2025,3,10,9.17999999999995
2025-03-11,196.59,193.9,200.18,193.4,54000000.0,1.05,0,2025,3,11,6.780000000000001
2025-03-11,164.04,164.91,166.75,161.37,39590000.0,-1.1,1,2025,3,11,5.3799999999999955
2025-03-11,605.71,595.05,614.93,593.33,17400000.0,1.29,2,2025,3,11,21.59999999999991
2025-03-11,380.45,379.0,386.0,376.91,30380000.0,0.08,3,2025,3,11,9.089999999999975
2025-03-12,198.89,200.72,201.52,195.29,43680000.0,1.17,0,2025,3,12,6.230000000000018
2025-03-12,167.11,166.58,167.64,163.53,28370000.0,1.87,1,2025,3,12,4.109999999999985
2025-03-12,619.56,629.9,633.33,609.35,15750000.0,2.29,2,2025,3,12,23.980000000000018
2025-03-12,383.27,382.95,385.22,378.95,24250000.0,0.74,3,2025,3,12,6.270000000000039
2025-03-13,193.89,198.16,198.88,191.82,41270000.0,-2.51,0,2025,3,13,7.060000000000002
2025-03-13,162.76,166.04,166.13,162.11,31760000.0,-2.6,1,2025,3,13,4.019999999999982
2025-03-13,590.64,620.24,620.5,586.51,16480000.0,-4.67,2,2025,3,13,33.99000000000001
2025-03-13,378.77,383.15,385.32,377.45,20470000.0,-1.17,3,2025,3,13,7.8700000000000045
2025-03-14,197.95,197.41,198.65,195.32,38100000.0,2.09,0,2025,3,14,3.3300000000000125
2025-03-14,165.49,163.27,166.49,162.45,32000000.0,1.68,1,2025,3,14,4.0400000000000205
2025-03-14,607.6,602.8,608.86,594.78,12360000.0,2.87,2,2025,3,14,14.080000000000041
2025-03-14,388.56,379.77,390.23,379.51,19950000.0,2.58,3,2025,3,14,10.720000000000027
2025-03-17,195.74,198.77,199.0,194.32,47340000.0,-1.12,0,2025,3,17,4.680000000000007
2025-03-17,164.29,165.03,166.3,163.67,31180000.0,-0.73,1,2025,3,17,2.630000000000024
2025-03-17,604.9,607.46,613.1,598.0,15470000.0,-0.44,2,2025,3,17,15.100000000000023
2025-03-17,388.7,386.7,392.7,385.57,22470000.0,0.04,3,2025,3,17,7.1299999999999955
2025-03-18,192.82,192.52,194.0,189.38,40410000.0,-1.49,0,2025,3,18,4.6200000000000045
2025-03-18,160.67,163.68,164.25,156.72,42070000.0,-2.2,1,2025,3,18,7.530000000000001
2025-03-18,582.36,600.05,600.25,574.66,20300000.0,-3.73,2,2025,3,18,25.590000000000032
2025-03-18,383.52,387.07,387.37,381.1,19490000.0,-1.33,3,2025,3,18,6.269999999999982
2025-03-19,195.54,193.38,195.96,191.96,39440000.0,1.41,0,2025,3,19,4.0
2025-03-19,163.89,161.76,165.87,161.0,34280000.0,2.0,1,2025,3,19,4.8700000000000045
2025-03-19,584.06,584.28,592.32,574.77,20540000.0,0.29,2,2025,3,19,17.550000000000068
2025-03-19,387.82,385.52,389.68,384.0,19190000.0,1.12,3,2025,3,19,5.680000000000007
2025-03-20,194.95,193.07,199.32,192.3,38920000.0,-0.3,0,2025,3,20,7.019999999999982
2025-03-20,162.8,161.57,164.89,160.96,28140000.0,-0.67,1,2025,3,20,3.9299999999999784
2025-03-20,586.0,582.76,610.2,579.51,24340000.0,0.33,2,2025,3,20,30.690000000000055
2025-03-20,386.84,385.73,391.79,383.28,18470000.0,-0.25,3,2025,3,20,8.510000000000048
2025-03-21,196.21,192.9,196.99,192.52,60060000.0,0.65,0,2025,3,21,4.469999999999999
2025-03-21,163.99,161.21,164.24,160.89,36630000.0,0.73,1,2025,3,21,3.3500000000000227
2025-03-21,596.25,583.42,597.54,580.95,25020000.0,1.75,2,2025,3,21,16.589999999999918
2025-03-21,391.26,383.21,391.74,382.8,39680000.0,1.14,3,2025,3,21,8.939999999999998
2025-03-24,203.26,200.0,203.64,199.95,41630000.0,3.59,0,2025,3,24,3.6899999999999977
2025-03-24,167.68,167.07,168.32,165.14,30880000.0,2.25,1,2025,3,24,3.180000000000007
2025-03-24,618.85,614.97,622.54,612.2,15740000.0,3.79,2,2025,3,24,10.339999999999918
2025-03-24,393.08,395.4,395.4,389.81,21000000.0,0.47,3,2025,3,24,5.589999999999975
2025-03-25,205.71,203.6,206.21,203.22,31170000.0,1.21,0,2025,3,25,2.990000000000009
2025-03-25,170.56,168.98,170.63,168.32,24170000.0,1.72,1,2025,3,25,2.3100000000000023
2025-03-25,626.31,626.76,633.88,621.18,15310000.0,1.21,2,2025,3,25,12.700000000000045
2025-03-25,395.16,393.92,396.36,392.64,15770000.0,0.53,3,2025,3,25,3.7200000000000273
2025-03-26,201.13,205.84,206.01,199.93,32990000.000000004,-2.23,0,2025,3,26,6.079999999999984
2025-03-26,165.06,169.0,169.61,164.84,28940000.0,-3.22,1,2025,3,26,4.77000000000001
2025-03-26,610.98,624.89,626.75,606.61,12660000.0,-2.45,2,2025,3,26,20.139999999999986
2025-03-26,389.97,395.0,395.31,388.57,16129999.999999998,-1.31,3,2025,3,26,6.740000000000009
2025-03-27,201.36,200.89,203.79,199.28,27320000.0,0.11,0,2025,3,27,4.509999999999991
2025-03-27,162.24,164.63,165.42,162.0,24510000.0,-1.71,1,2025,3,27,3.4199999999999875
2025-03-27,602.58,602.0,614.25,600.1,10440000.0,-1.37,2,2025,3,27,14.149999999999977
2025-03-27,390.58,390.13,392.24,387.39,13770000.0,0.16,3,2025,3,27,4.850000000000023
2025-03-28,192.72,198.42,199.26,191.88,52550000.0,-4.29,0,2025,3,28,7.3799999999999955
2025-03-28,154.33,160.49,161.82,153.63,48670000.0,-4.88,1,2025,3,28,8.189999999999998
2025-03-28,576.74,600.31,601.75,573.92,17600000.0,-4.29,2,2025,3,28,27.83000000000004
2025-03-28,378.8,388.08,389.13,376.93,21630000.0,-3.02,3,2025,3,28,12.199999999999989
2025-03-31,190.26,188.19,191.33,184.4,63550000.0,-1.28,0,2025,3,31,6.930000000000007
2025-03-31,154.64,153.11,155.54,150.66,54600000.0,0.2,1,2025,3,31,4.8799999999999955
2025-03-31,576.36,563.5,578.7,553.3,21120000.0,-0.07,2,2025,3,31,25.40000000000009
2025-03-31,375.39,372.54,377.07,367.24,35180000.0,-0.9,3,2025,3,31,9.829999999999984
2025-04-01,192.17,187.86,193.93,187.2,41270000.0,1.0,0,2025,4,1,6.730000000000018
2025-04-01,157.07,153.62,158.1,153.62,30670000.0,1.57,1,2025,4,1,4.47999999999999
2025-04-01,586.0,570.84,589.91,570.0,12840000.0,1.67,2,2025,4,1,19.909999999999968
2025-04-01,382.19,374.65,382.85,373.23,19690000.0,1.81,3,2025,4,1,9.620000000000005
2025-04-02,196.01,187.66,198.34,187.66,53680000.0,2.0,0,2025,4,2,10.680000000000007
2025-04-02,157.04,155.15,158.41,154.7,25040000.0,-0.02,1,2025,4,2,3.710000000000008
2025-04-02,583.93,574.91,592.66,573.36,13470000.0,-0.35,2,2025,4,2,19.299999999999955
2025-04-02,382.14,377.96,385.08,376.62,16090000.0,-0.01,3,2025,4,2,8.45999999999998
2025-04-03,178.41,182.99,184.13,176.92,95550000.0,-8.98,0,2025,4,3,7.210000000000008
2025-04-03,150.72,151.11,152.78,150.39,46880000.0,-4.02,1,2025,4,3,2.390000000000015
2025-04-03,531.62,546.22,552.56,530.3,34780000.0,-8.96,2,2025,4,3,22.25999999999999
2025-04-03,373.11,374.79,377.48,369.35,30200000.0,-2.36,3,2025,4,3,8.129999999999995
2025-04-04,171.0,167.15,178.14,166.0,123160000.0,-4.15,0,2025,4,4,12.139999999999986
2025-04-04,145.6,148.01,151.07,145.38,62260000.0,-3.4,1,2025,4,4,5.689999999999998
2025-04-04,504.73,506.62,518.0,494.2,38590000.0,-5.06,2,2025,4,4,23.80000000000001
2025-04-04,359.84,364.13,374.59,359.48,49210000.0,-3.56,3,2025,4,4,15.109999999999957
2025-04-07,175.26,162.0,183.41,161.38,109330000.0,2.49,0,2025,4,7,22.03
2025-04-07,146.75,141.55,152.85,140.53,76790000.0,0.79,1,2025,4,7,12.319999999999993
2025-04-07,516.25,485.1,539.37,481.9,36610000.0,2.28,2,2025,4,7,57.47000000000003
2025-04-07,357.86,350.88,371.0,344.79,50430000.0,-0.55,3,2025,4,7,26.20999999999998
2025-04-08,170.66,185.23,185.9,168.57,87710000.0,-2.62,0,2025,4,8,17.330000000000013
2025-04-08,144.7,151.22,152.24,143.03,52200000.0,-1.4,1,2025,4,8,9.210000000000008
2025-04-08,510.45,543.25,547.43,502.86,28030000.0,-1.12,2,2025,4,8,44.569999999999936
2025-04-08,354.56,368.26,373.65,350.25,35870000.0,-0.92,3,2025,4,8,23.399999999999977
2025-04-09,191.1,172.12,192.65,169.93,116800000.0,11.98,0,2025,4,9,22.72
2025-04-09,158.71,144.41,159.55,143.9,70410000.0,9.68,1,2025,4,9,15.650000000000006
2025-04-09,585.77,509.27,587.89,502.11,39220000.0,14.76,2,2025,4,9,85.77999999999997
2025-04-09,390.49,353.54,393.23,353.1,50200000.0,10.13,3,2025,4,9,40.129999999999995
2025-04-10,181.22,185.44,186.87,175.85,68300000.0,-5.17,0,2025,4,10,11.02000000000001
2025-04-10,152.82,156.54,157.72,149.93,48020000.0,-3.71,1,2025,4,10,7.789999999999992
2025-04-10,546.29,575.49,581.3,535.3,28170000.0,-6.74,2,2025,4,10,46.0
2025-04-10,381.35,382.06,383.9,367.8,38020000.0,-2.34,3,2025,4,10,16.099999999999966
2025-04-11,184.87,179.93,185.86,178.0,50590000.0,2.01,0,2025,4,11,7.860000000000014
2025-04-11,157.14,152.9,157.67,152.82,33640000.0,2.83,1,2025,4,11,4.849999999999994
2025-04-11,543.57,535.51,547.4,528.59,17640000.0,-0.5,2,2025,4,11,18.809999999999945
2025-04-11,388.45,380.64,390.05,378.89,23840000.0,1.86,3,2025,4,11,11.160000000000025
2025-04-14,182.12,186.84,187.44,179.23,48000000.0,-1.49,0,2025,4,14,8.210000000000008
2025-04-14,159.07,159.99,161.72,157.56,30330000.0,1.23,1,2025,4,14,4.159999999999997
2025-04-14,531.48,556.17,557.77,528.28,14130000.0,-2.22,2,2025,4,14,29.49000000000001
2025-04-14,387.81,393.22,394.65,384.21,19250000.0,-0.16,3,2025,4,14,10.439999999999998
2025-04-15,179.59,181.41,182.35,177.93,43640000.0,-1.39,0,2025,4,15,4.4199999999999875
2025-04-15,156.31,159.13,159.65,155.21,27550000.0,-1.74,1,2025,4,15,4.439999999999998
2025-04-15,521.52,532.1,537.94,517.5,15560000.0,-1.87,2,2025,4,15,20.440000000000055
2025-04-15,385.73,388.51,391.89,384.16,17200000.0,-0.54,3,2025,4,15,7.729999999999961
2025-04-16,174.33,176.29,179.1,171.41,51880000.0,-2.93,0,2025,4,16,7.689999999999998
2025-04-16,153.33,153.1,155.89,151.51,28190000.0,-1.91,1,2025,4,16,4.3799999999999955
2025-04-16,502.31,508.51,513.37,495.63,18740000.0,-3.68,2,2025,4,16,17.74000000000001
2025-04-16,371.61,380.67,381.61,368.0,21970000.0,-3.66,3,2025,4,16,13.610000000000014
2025-04-17,172.61,176.0,176.21,172.0,44730000.0,-0.99,0,2025,4,17,4.210000000000008
2025-04-17,151.16,154.29,154.68,148.5,33049999.999999996,-1.42,1,2025,4,17,6.180000000000007
2025-04-17,501.48,505.25,507.3,498.01,14590000.0,-0.17,2,2025,4,17,9.29000000000002
2025-04-17,367.78,373.74,374.32,366.89,21120000.0,-1.03,3,2025,4,17,7.430000000000007
2025-04-21,167.32,169.6,169.6,165.29,48130000.0,-3.06,0,2025,4,21,4.310000000000002
2025-04-21,147.67,148.88,148.95,146.1,26050000.0,-2.31,1,2025,4,21,2.8499999999999943
2025-04-21,484.66,491.33,493.5,479.8,16170000.000000002,-3.35,2,2025,4,21,13.699999999999989
2025-04-21,359.12,362.82,364.48,355.67,20810000.0,-2.35,3,2025,4,21,8.810000000000002
2025-04-22,173.18,169.85,176.78,169.35,56610000.0,3.5,0,2025,4,22,7.430000000000007
2025-04-22,151.47,148.89,152.19,148.54,26970000.0,2.57,1,2025,4,22,3.6500000000000057
2025-04-22,500.28,491.87,506.88,486.36,17400000.0,3.22,2,2025,4,22,20.519999999999982
2025-04-22,366.82,363.38,367.77,359.86,19480000.0,2.14,3,2025,4,22,7.909999999999968
2025-04-23,180.6,183.45,187.38,180.19,63470000.0,4.28,0,2025,4,23,7.189999999999998
2025-04-23,155.35,155.61,157.52,153.81,31130000.0,2.56,1,2025,4,23,3.710000000000008
2025-04-23,520.27,528.53,535.34,516.52,18170000.0,4.0,2,2025,4,23,18.82000000000005
2025-04-23,374.39,376.06,380.39,373.02,20550000.0,2.06,3,2025,4,23,7.3700000000000045
2025-04-24,186.54,180.91,186.74,180.18,43760000.0,3.29,0,2025,4,24,6.560000000000002
2025-04-24,159.28,156.15,159.59,155.79,45890000.0,2.53,1,2025,4,24,3.8000000000000114
2025-04-24,533.15,518.73,533.9,517.5,13910000.0,2.48,2,2025,4,24,16.399999999999977
2025-04-24,387.3,375.7,388.45,375.19,22230000.0,3.45,3,2025,4,24,13.259999999999991
2025-04-25,188.99,187.62,189.94,185.49,36410000.0,1.31,0,2025,4,25,4.449999999999989
2025-04-25,161.96,165.07,166.1,161.04,56030000.0,1.68,1,2025,4,25,5.060000000000002
2025-04-25,547.27,546.8,549.86,536.25,17100000.0,2.65,2,2025,4,25,13.610000000000014
2025-04-25,391.85,387.0,392.16,384.6,18970000.0,1.17,3,2025,4,25,7.560000000000002
2025-04-28,187.7,190.1,190.22,184.88,33220000.0,-0.68,0,2025,4,28,5.340000000000003
2025-04-28,160.61,162.43,163.15,158.6,29750000.0,-0.83,1,2025,4,28,4.550000000000011
2025-04-28,549.74,555.64,558.49,540.59,15180000.0,0.45,2,2025,4,28,17.899999999999977
2025-04-28,391.16,391.95,392.74,386.64,16579999.999999998,-0.18,3,2025,4,28,6.100000000000023
2025-04-29,187.39,183.99,188.02,183.68,41670000.0,-0.17,0,2025,4,29,4.340000000000003
2025-04-29,160.16,160.32,160.74,157.52,26810000.0,-0.28,1,2025,4,29,3.219999999999999
2025-04-29,554.44,546.0,556.57,544.12,11840000.0,0.85,2,2025,4,29,12.450000000000045
2025-04-29,394.04,391.3,395.1,390.38,14970000.0,0.74,3,2025,4,29,4.720000000000027
2025-04-30,184.42,182.17,185.05,178.85,55180000.0,-1.58,0,2025,4,30,6.200000000000017
2025-04-30,158.8,157.98,159.27,155.4,34980000.0,-0.85,1,2025,4,30,3.8700000000000045
2025-04-30,549.0,538.4,549.1,529.5,29240000.0,-0.98,2,2025,4,30,19.600000000000023
2025-04-30,395.26,390.3,396.66,384.44,36460000.0,0.31,3,2025,4,30,12.220000000000027
2025-05-01,190.2,190.63,191.81,187.5,74270000.0,3.13,0,2025,5,1,4.310000000000002
2025-05-01,161.3,160.45,161.95,158.91,30200000.0,1.57,1,2025,5,1,3.039999999999992
2025-05-01,572.21,592.08,592.95,570.5,31160000.0,4.23,2,2025,5,1,22.450000000000045
2025-05-01,425.4,431.11,436.99,424.9,58940000.0,7.63,3,2025,5,1,12.090000000000032
2025-05-02,189.98,191.43,192.88,186.4,77900000.0,-0.12,0,2025,5,2,6.47999999999999
2025-05-02,164.03,163.4,164.97,161.87,25720000.0,1.69,1,2025,5,2,3.0999999999999943
2025-05-02,597.02,583.46,604.34,578.33,24740000.0,4.34,2,2025,5,2,26.00999999999999
2025-05-02,435.28,431.74,439.44,429.98,30760000.0,2.32,3,2025,5,2,9.45999999999998
2025-05-05,186.35,186.51,188.18,185.53,35220000.0,-1.91,0,2025,5,5,2.6500000000000057
2025-05-05,164.21,163.0,165.39,162.72,21340000.0,0.11,1,2025,5,5,2.6699999999999875
2025-05-05,599.27,591.22,603.21,588.05,13890000.0,0.38,2,2025,5,5,15.160000000000082
2025-05-05,436.17,432.87,439.5,432.11,20140000.0,0.2,3,2025,5,5,7.389999999999986
2025-05-06,185.01,184.57,187.93,183.85,29310000.0,-0.72,0,2025,5,6,4.0800000000000125
2025-05-06,163.23,162.17,164.8,161.19,21280000.0,-0.6,1,2025,5,6,3.6100000000000136
2025-05-06,587.31,592.53,596.03,586.58,10600000.0,-2.0,2,2025,5,6,9.449999999999932
2025-05-06,433.31,432.2,437.73,431.17,15100000.0,-0.66,3,2025,5,6,6.560000000000002
2025-05-07,188.71,185.56,190.99,185.01,44000000.0,2.0,0,2025,5,7,5.980000000000018
2025-05-07,151.38,164.08,165.0,147.84,127750000.0,-7.26,1,2025,5,7,17.159999999999997
2025-05-07,596.81,590.36,603.08,586.67,13160000.0,1.62,2,2025,5,7,16.410000000000082
2025-05-07,433.35,433.84,438.12,431.11,23310000.0,0.01,3,2025,5,7,7.009999999999991
2025-05-08,192.08,191.43,194.33,188.82,41040000.0,1.79,0,2025,5,8,5.510000000000019
2025-05-08,154.28,155.0,155.93,152.9,57500000.0,1.92,1,2025,5,8,3.030000000000001
2025-05-08,598.01,606.28,611.3,596.62,14620000.0,0.2,2,2025,5,8,14.67999999999995
2025-05-08,438.17,437.93,443.67,435.66,23490000.0,1.11,3,2025,5,8,8.009999999999991
2025-05-09,193.06,193.38,194.69,191.16,29660000.0,0.51,0,2025,5,9,3.530000000000001
2025-05-09,152.75,154.17,155.05,152.2,32439999.999999996,-0.99,1,2025,5,9,2.8500000000000227
2025-05-09,592.49,603.72,606.97,591.71,10430000.0,-0.92,2,2025,5,9,15.259999999999991
2025-05-09,438.73,440.0,440.74,435.88,15320000.0,0.13,3,2025,5,9,4.860000000000014
2025-05-12,208.64,210.71,211.66,205.75,75210000.0,8.07,0,2025,5,12,5.909999999999997
2025-05-12,158.46,157.49,159.1,156.25,44140000.0,3.74,1,2025,5,12,2.8499999999999943
2025-05-12,639.43,630.92,640.39,621.03,21970000.0,7.92,2,2025,5,12,19.360000000000014
2025-05-12,449.26,445.94,449.37,439.78,22820000.0,2.4,3,2025,5,12,9.590000000000032
2025-05-13,211.37,211.08,214.84,210.1,56190000.0,1.31,0,2025,5,13,4.740000000000009
2025-05-13,159.53,158.79,160.57,156.16,42380000.0,0.68,1,2025,5,13,4.409999999999997
2025-05-13,656.03,645.54,660.92,642.83,18570000.0,2.6,2,2025,5,13,18.089999999999918
2025-05-13,449.14,447.78,450.67,445.36,23620000.0,-0.03,3,2025,5,13,5.310000000000002
2025-05-14,210.25,211.45,211.93,208.85,38490000.0,-0.53,0,2025,5,14,3.0800000000000125
2025-05-14,165.37,159.96,167.0,159.61,48760000.0,3.66,1,2025,5,14,7.389999999999986
2025-05-14,659.36,661.21,662.67,654.31,12350000.0,0.51,2,2025,5,14,8.360000000000014
2025-05-14,452.94,448.14,453.9,448.14,19900000.0,0.85,3,2025,5,14,5.759999999999991
2025-05-15,205.17,206.45,206.88,202.67,64349999.99999999,-2.42,0,2025,5,15,4.210000000000008
2025-05-15,163.96,165.84,166.21,162.37,33150000.0,-0.85,1,2025,5,15,3.8400000000000034
2025-05-15,643.88,654.28,657.31,638.58,14340000.0,-2.35,2,2025,5,15,18.729999999999905
2025-05-15,453.13,450.77,456.19,450.43,21990000.0,0.04,3,2025,5,15,5.759999999999991
2025-05-16,205.59,206.85,206.85,204.37,43320000.0,0.2,0,2025,5,16,2.4799999999999898
2025-05-16,166.19,167.73,169.35,165.62,42850000.0,1.36,1,2025,5,16,3.7299999999999898
2025-05-16,640.34,637.96,640.44,626.15,18520000.0,-0.55,2,2025,5,16,14.290000000000077
2025-05-16,454.27,452.05,454.36,448.73,23850000.0,0.25,3,2025,5,16,5.6299999999999955
2025-05-19,206.16,201.65,206.62,201.26,34310000.0,0.28,0,2025,5,19,5.360000000000014
2025-05-19,166.54,164.51,166.64,164.22,30430000.0,0.21,1,2025,5,19,2.4199999999999875
2025-05-19,640.43,628.25,643.0,627.8,9590000.0,0.01,2,2025,5,19,15.200000000000045
2025-05-19,458.87,450.88,459.58,450.8,21340000.0,1.01,3,2025,5,19,8.779999999999973
2025-05-20,204.07,204.63,205.59,202.65,29470000.0,-1.01,0,2025,5,20,2.9399999999999977
2025-05-20,163.98,166.43,168.5,162.9,46610000.0,-1.54,1,2025,5,20,5.599999999999994
2025-05-20,637.1,636.01,639.35,632.26,6740000.0,-0.52,2,2025,5,20,7.090000000000032
2025-05-20,458.17,455.59,458.34,454.32,15440000.0,-0.15,3,2025,5,20,4.019999999999982
2025-05-21,201.12,201.61,203.46,200.06,42460000.0,-1.45,0,2025,5,21,3.4000000000000057
2025-05-21,168.56,163.69,173.14,163.56,73420000.0,2.79,1,2025,5,21,9.579999999999984
2025-05-21,635.5,631.79,646.61,630.17,11460000.0,-0.25,2,2025,5,21,16.440000000000055
2025-05-21,452.57,454.57,457.78,451.81,19220000.0,-1.22,3,2025,5,21,5.96999999999997
2025-05-22,203.1,201.38,205.76,200.16,38940000.0,0.98,0,2025,5,22,5.599999999999994
2025-05-22,170.87,171.85,176.77,170.71,74860000.0,1.37,1,2025,5,22,6.060000000000002
2025-05-22,636.57,634.05,643.25,630.71,8230000.0,0.17,2,2025,5,22,12.539999999999964
2025-05-22,454.86,454.95,460.25,453.9,18030000.0,0.51,3,2025,5,22,6.350000000000023
2025-05-23,200.99,198.9,202.37,197.85,33390000.0,-1.04,0,2025,5,23,4.52000000000001
2025-05-23,168.47,169.05,169.96,167.89,35210000.0,-1.4,1,2025,5,23,2.0700000000000216
2025-05-23,627.06,624.0,632.45,622.65,8450000.0,-1.49,2,2025,5,23,9.800000000000068
2025-05-23,450.18,449.98,453.69,448.91,16880000.0,-1.03,3,2025,5,23,4.779999999999973
2025-05-27,206.02,203.09,206.69,202.19,34890000.0,2.5,0,2025,5,27,4.5
2025-05-27,172.9,170.16,173.17,170.0,38000000.0,2.63,1,2025,5,27,3.1699999999999875
2025-05-27,642.32,635.41,643.08,632.75,9510000.0,2.43,2,2025,5,27,10.330000000000041
2025-05-27,460.69,456.48,460.95,456.11,20970000.0,2.33,3,2025,5,27,4.839999999999975
2025-05-28,204.72,205.91,207.66,204.41,28550000.0,-0.63,0,2025,5,28,3.25
2025-05-28,172.36,173.16,175.26,171.91,34780000.0,-0.31,1,2025,5,28,3.3499999999999943
2025-05-28,643.58,642.6,650.88,642.55,9040000.0,0.2,2,2025,5,28,8.330000000000041
2025-05-28,457.36,461.22,462.52,456.93,17090000.0,-0.72,3,2025,5,28,5.589999999999975
2025-05-29,205.7,208.02,208.81,204.23,34700000.0,0.48,0,2025,5,29,4.5800000000000125
2025-05-29,171.86,174.0,174.42,170.63,29370000.0,-0.29,1,2025,5,29,3.789999999999992
2025-05-29,645.05,651.65,653.32,639.5,8880000.0,0.23,2,2025,5,29,13.82000000000005
2025-05-29,458.68,461.55,461.72,455.31,13980000.0,0.29,3,2025,5,29,6.410000000000025
2025-05-30,205.01,204.84,205.99,201.7,51680000.0,-0.34,0,2025,5,30,4.2900000000000205
2025-05-30,171.74,171.35,172.21,167.44,52640000.0,-0.07,1,2025,5,30,4.77000000000001
2025-05-30,647.49,642.5,649.41,632.78,16239999.999999998,0.38,2,2025,5,30,16.629999999999995
2025-05-30,460.36,459.71,461.68,455.54,34770000.0,0.37,3,2025,5,30,6.139999999999986
2025-06-02,206.65,204.98,207.0,202.68,29110000.0,0.8,0,2025,6,2,4.319999999999993
2025-06-02,169.03,167.84,169.87,167.39,38610000.0,-1.58,1,2025,6,2,2.480000000000018
2025-06-02,670.9,644.39,673.26,644.26,15770000.0,3.62,2,2025,6,2,29.0
2025-06-02,461.97,457.14,462.11,456.89,16629999.999999998,0.35,3,2025,6,2,5.220000000000027
2025-06-03,205.71,207.1,208.95,205.03,33140000.0,-0.45,0,2025,6,3,3.9199999999999875
2025-06-03,166.18,167.49,168.48,165.28,45080000.0,-1.69,1,2025,6,3,3.1999999999999886
2025-06-03,666.85,671.45,675.58,665.03,11590000.0,-0.6,2,2025,6,3,10.550000000000068
2025-06-03,462.97,461.47,464.14,460.86,15740000.0,0.22,3,2025,6,3,3.2799999999999727
2025-06-04,207.23,206.55,208.18,205.18,29920000.0,0.74,0,2025,6,4,3.0
2025-06-04,168.05,166.74,168.21,166.36,26900000.0,1.13,1,2025,6,4,1.8499999999999943
2025-06-04,687.95,669.32,689.0,668.57,14030000.0,3.16,2,2025,6,4,20.42999999999995
2025-06-04,463.87,464.0,465.69,463.02,14160000.0,0.19,3,2025,6,4,2.670000000000016
2025-06-05,207.91,209.55,212.81,207.56,51980000.0,0.33,0,2025,6,5,5.25
2025-06-05,168.21,170.34,170.93,167.59,36440000.0,0.1,1,2025,6,5,3.3400000000000034
2025-06-05,684.62,691.66,694.38,682.25,13120000.0,-0.48,2,2025,6,5,12.129999999999995
2025-06-05,467.68,464.95,469.65,464.03,20150000.0,0.82,3,2025,6,5,5.6200000000000045
2025-06-06,213.57,212.4,213.87,210.5,39830000.0,2.72,0,2025,6,6,3.3700000000000045
2025-06-06,173.68,170.83,174.5,170.83,35730000.0,3.25,1,2025,6,6,3.6699999999999875
2025-06-06,697.71,696.17,702.81,691.87,11730000.0,1.91,2,2025,6,6,10.93999999999994
2025-06-06,470.38,470.08,473.33,468.78,15290000.0,0.58,3,2025,6,6,4.550000000000011
2025-06-09,216.98,214.75,217.85,212.88,38100000.0,1.6,0,2025,6,9,4.969999999999999
2025-06-09,176.09,174.54,176.47,174.37,28940000.0,1.39,1,2025,6,9,2.0999999999999943
2025-06-09,694.06,698.46,705.19,693.94,12770000.0,-0.52,2,2025,6,9,11.25
2025-06-09,472.75,469.7,473.43,468.62,16469999.999999998,0.5,3,2025,6,9,4.810000000000002
2025-06-10,217.61,216.78,217.69,214.15,31300000.0,0.29,0,2025,6,10,3.539999999999992
2025-06-10,178.6,176.2,181.1,174.91,61770000.0,1.43,1,2025,6,10,6.189999999999998
2025-06-10,702.4,701.34,703.23,691.56,10850000.0,1.2,2,2025,6,10,11.670000000000073
2025-06-10,470.92,471.18,472.8,466.96,15380000.0,-0.39,3,2025,6,10,5.840000000000032
2025-06-11,213.2,217.41,218.4,212.89,39330000.0,-2.03,0,2025,6,11,5.510000000000019
2025-06-11,177.35,179.77,180.37,176.75,31650000.0,-0.7,1,2025,6,11,3.6200000000000045
2025-06-11,694.14,703.71,708.87,691.99,9580000.0,-1.18,2,2025,6,11,16.879999999999995
2025-06-11,472.62,470.02,475.47,469.65,16399999.999999998,0.36,3,2025,6,11,5.82000000000005
2025-06-12,213.24,211.78,213.58,211.33,27640000.0,0.02,0,2025,6,12,2.25
2025-06-12,175.7,176.18,176.72,174.74,20940000.0,-0.93,1,2025,6,12,1.9799999999999898
2025-06-12,693.36,693.3,695.38,687.0,7320000.0,-0.11,2,2025,6,12,8.379999999999995
2025-06-12,478.87,475.02,480.42,473.52,18950000.0,1.32,3,2025,6,12,6.900000000000034
2025-06-13,212.1,209.96,214.05,209.62,29340000.0,-0.53,0,2025,6,13,4.430000000000007
2025-06-13,174.67,172.44,177.13,172.38,27660000.0,-0.59,1,2025,6,13,4.75
2025-06-13,682.87,687.95,694.57,681.01,9270000.0,-1.51,2,2025,6,13,13.56000000000006
2025-06-13,474.96,476.41,479.18,472.76,16810000.0,-0.82,3,2025,6,13,6.420000000000016
2025-06-16,216.1,212.31,217.06,211.6,33280000.0,1.89,0,2025,6,16,5.460000000000008
2025-06-16,176.77,174.73,176.94,174.65,27390000.0,1.2,1,2025,6,16,2.289999999999992
2025-06-16,702.12,699.33,707.15,693.51,13720000.0,2.82,2,2025,6,16,13.639999999999986
2025-06-16,479.14,475.21,480.69,475.0,15630000.0,0.88,3,2025,6,16,5.689999999999998
2025-06-17,214.82,215.2,217.41,214.56,32090000.000000004,-0.59,0,2025,6,17,2.8499999999999943
2025-06-17,175.95,175.7,177.36,174.58,24970000.0,-0.46,1,2025,6,17,2.780000000000001
2025-06-17,697.23,702.0,705.97,696.06,10070000.0,-0.7,2,2025,6,17,9.910000000000082
2025-06-17,478.04,475.39,478.74,474.08,15410000.0,-0.23,3,2025,6,17,4.660000000000025
2025-06-18,212.52,215.09,217.96,212.34,44360000.0,-1.07,0,2025,6,18,5.6200000000000045
2025-06-18,173.32,176.01,176.56,173.2,28710000.0,-1.49,1,2025,6,18,3.3600000000000136
2025-06-18,695.77,698.18,701.59,694.9,10070000.0,-0.21,2,2025,6,18,6.690000000000055
2025-06-18,480.24,478.0,481.0,474.46,17530000.0,0.46,3,2025,6,18,6.5400000000000205
2025-06-20,209.69,214.68,214.89,208.27,75350000.0,-1.33,0,2025,6,20,6.619999999999976
2025-06-20,166.64,173.95,174.34,165.46,75660000.0,-3.85,1,2025,6,20,8.879999999999995
2025-06-20,682.35,700.75,701.82,678.67,22540000.0,-1.93,2,2025,6,20,23.15000000000009
2025-06-20,477.4,482.23,483.46,476.87,37580000.0,-0.59,3,2025,6,20,6.589999999999975
